ID,Name,Description,ColumnSpec
kf2onset,,,
brv1onset,,,
m2coda,,,
hjm1onset,,,
ltrn4coda,,,
dk3coda,,,
mpl3coda,,,
sts2onset,,,
bcj2onset,,,
rst1onset,,,
bbp1onset,,,
vx1onset,,,
qk2coda,,,
sh2onset,,,
djw3onset,,,
rj2onset,,,
tn1onset,,,
tzt3onset,,,
ndz3coda,,,
pdb3onset,,,
phl1onset,,,
xt3onset,,,
zsr1onset,,,
trl1onset,,,
umts1coda,,,
dsr2onset,,,
pdp2onset,,,
lt1coda,,,
wrt3onset,,,
lwm3onset,,,
bxvr3onset,,,
mtsk2coda,,,
lt1onset,,,
dz3onset,,,
xt2onset,,,
pf2onset,,,
pvb3onset,,,
js3coda,,,
sw2coda,,,
pkp1onset,,,
zbj2onset,,,
sb2coda,,,
sjd1onset,,,
ltt5coda,,,
tln3coda,,,
pxp3onset,,,
mzd1onset,,,
bzl3onset,,,
nrr1onset,,,
z1nucleus,,,
dp1coda,,,
sjp1onset,,,
fc2coda,,,
bzxr4onset,,,
dhw2onset,,,
jt1onset,,,
tst2onset,,,
nkl3onset,,,
kjs3onset,,,
bzsl3onset,,,
lt4coda,,,
kts3coda,,,
sr3coda,,,
phj1onset,,,
fnj2onset,,,
kjw3onset,,,
ltrn3coda,,,
jdz2coda,,,
rwk3onset,,,
ps1coda,,,
brn2onset,,,
cc1nucleus,,,
rrn2onset,,,
rspl2coda,,,
srh1onset,,,
dvvl4onset,,,
zts1coda,,,
prh1onset,,,
sjp3onset,,,
dzsl3onset,,,
vwl3onset,,,
btsk1onset,,,
sd2coda,,,
ktst2onset,,,
zn2coda,,,
rrh1onset,,,
twh2onset,,,
ccl1onset,,,
kzd2onset,,,
trk2onset,,,
hws2onset,,,
bt1onset,,,
trb3onset,,,
rwv1onset,,,
ft2onset,,,
mdzk3coda,,,
ntstt5coda,,,
bkr3onset,,,
mx1onset,,,
ts1nucleus,,,
uw1nucleus,,,
dsvl3onset,,,
ms2onset,,,
dvp2onset,,,
txsr1onset,,,
aao3nucleus,,,
ddzd3onset,,,
kp1onset,,,
nrt1onset,,,
xsl4onset,,,
ltstt1coda,,,
mpm2coda,,,
pvzl3onset,,,
msd2coda,,,
brm2onset,,,
sjv2onset,,,
fr1coda,,,
ttr2onset,,,
pzxr1onset,,,
tpd3onset,,,
id1coda,,,
mpts3coda,,,
rjt1onset,,,
indz1coda,,,
stj1onset,,,
dzd2onset,,,
sbr3onset,,,
lrd2onset,,,
pbl2onset,,,
nrl3onset,,,
ddzk3onset,,,
vd2coda,,,
lvr1coda,,,
djs1onset,,,
nc2coda,,,
ndz2coda,,,
kj1coda,,,
bm1onset,,,
lx2coda,,,
pn2onset,,,
mftt5coda,,,
iii3nucleus,,,
t4coda,,,
jss1coda,,,
rks2coda,,,
hrp1onset,,,
pdr2onset,,,
tjt2onset,,,
bdzk1onset,,,
kzk1onset,,,
mql3coda,,,
tszr4onset,,,
zxl3onset,,,
tvvl2onset,,,
rs2onset,,,
ptd1onset,,,
ttd3onset,,,
fstf2coda,,,
tsts2coda,,,
mwm2onset,,,
kml1onset,,,
pssr1onset,,,
bvd1onset,,,
mb1coda,,,
ckj1coda,,,
vdz1onset,,,
sjn3onset,,,
vtsr3onset,,,
st1coda,,,
vdzl3onset,,,
uei3nucleus,,,
dzv2onset,,,
pwl2onset,,,
ndl1coda,,,
zmbr2onset,,,
zh1coda,,,
nl3onset,,,
srh3onset,,,
prn3onset,,,
pvt2onset,,,
mbj3onset,,,
bvsr1onset,,,
jl1coda,,,
str1onset,,,
kzzl2onset,,,
mjp2onset,,,
mkk3coda,,,
ya1nucleus,,,
bvt1onset,,,
lsk2coda,,,
srn3onset,,,
pzvl3onset,,,
zbl3onset,,,
prb3onset,,,
nps2onset,,,
tzb1onset,,,
pssl4onset,,,
pvzl1onset,,,
uoi2nucleus,,,
dszr2onset,,,
hjt3onset,,,
rn2coda,,,
nwh2onset,,,
zpr2onset,,,
pws2onset,,,
nrm2onset,,,
lpk3coda,,,
lrp3onset,,,
ttsk1onset,,,
dzvr2onset,,,
bzsl2onset,,,
bvzl3onset,,,
krv3onset,,,
sjm3onset,,,
l4onset,,,
w2coda,,,
dv1onset,,,
lmz1coda,,,
nttt6coda,,,
dpr2onset,,,
kxxl3onset,,,
hkr2onset,,,
vrs3coda,,,
px2coda,,,
ld2onset,,,
mxt1coda,,,
dzt2coda,,,
tt3coda,,,
hjn1onset,,,
kzzr2onset,,,
und3coda,,,
bjs1onset,,,
vxr2onset,,,
bzvr3onset,,,
hwp1onset,,,
hrt3onset,,,
bxvr2onset,,,
sqj3onset,,,
jp3onset,,,
bxvr1onset,,,
wh1onset,,,
bx1onset,,,
h1coda,,,
mfs3coda,,,
bszr1onset,,,
uy1nucleus,,,
bxxr1onset,,,
tsm1onset,,,
kvxl2onset,,,
vjl3onset,,,
kzsl3onset,,,
mfl2onset,,,
nsts3coda,,,
sjk3onset,,,
nkst3coda,,,
bsl1onset,,,
zj1onset,,,
fkr3onset,,,
scl3onset,,,
umk2coda,,,
bdr3onset,,,
pbd3onset,,,
rnk3coda,,,
fl2coda,,,
skn3onset,,,
vjs3onset,,,
bsk2onset,,,
mrv2onset,,,
bssl1onset,,,
kvd2onset,,,
ndzk2coda,,,
bwt3onset,,,
rwh2onset,,,
dpb1onset,,,
kvxr3onset,,,
tbd3onset,,,
ltts2coda,,,
dsxr1onset,,,
kxt1onset,,,
tc1coda,,,
bjk3onset,,,
dssr1onset,,,
ppb2onset,,,
dwk3onset,,,
tp2coda,,,
ttsd3onset,,,
sq2onset,,,
skl1coda,,,
dzxr2onset,,,
dssl3onset,,,
tpr2onset,,,
s1coda,,,
tjv1onset,,,
nwl2onset,,,
vb1onset,,,
stf3coda,,,
ldj3onset,,,
wst2coda,,,
ldzk2coda,,,
mft2coda,,,
mx2onset,,,
bjn3onset,,,
dzxr3onset,,,
kbk3onset,,,
bdr1onset,,,
nsts4coda,,,
dsl4onset,,,
kdl1onset,,,
ow1nucleus,,,
lj3onset,,,
zpl1onset,,,
bh3coda,,,
dxzl2onset,,,
mbj2onset,,,
lrp1onset,,,
bwk1onset,,,
r1onset,,,
dpj1onset,,,
vln1coda,,,
wk2coda,,,
xm1coda,,,
vrp1onset,,,
btr2onset,,,
bzzr3onset,,,
bssl4onset,,,
ntstf4coda,,,
ph2coda,,,
vzv1onset,,,
hrr3onset,,,
uou1nucleus,,,
dkt2onset,,,
pq1onset,,,
mbql1coda,,,
sn2coda,,,
vr4onset,,,
ae1nucleus,,,
lptt5coda,,,
prd1onset,,,
rm2coda,,,
rwm2onset,,,
ltst2coda,,,
tt3onset,,,
trr2onset,,,
dvp3onset,,,
drj2onset,,,
mrs3onset,,,
htt2coda,,,
dzlj3onset,,,
fsxl1onset,,,
rpj3onset,,,
tk1onset,,,
bk1onset,,,
rnj1coda,,,
kszr1onset,,,
mbr4coda,,,
nct2coda,,,
wd2onset,,,
swv2onset,,,
pts2onset,,,
lps1coda,,,
swh2onset,,,
dzsr2onset,,,
vrn2coda,,,
sjv3onset,,,
kvt2onset,,,
kjb2onset,,,
tzzl2onset,,,
dxvr2onset,,,
wk1onset,,,
mdz2onset,,,
xr3onset,,,
ml3onset,,,
ldzk1coda,,,
ktt3coda,,,
kstt6coda,,,
xl1onset,,,
bdr2onset,,,
tzxl2onset,,,
dssr2onset,,,
tsz1onset,,,
pzl4onset,,,
kz1onset,,,
tsc1onset,,,
ui1nucleus,,,
mps3onset,,,
xxr1onset,,,
wm2onset,,,
ws3onset,,,
kjm2onset,,,
ntts2coda,,,
hj1coda,,,
vd1coda,,,
ioi3nucleus,,,
ntst4coda,,,
lwh3onset,,,
rfst2coda,,,
li1onset,,,
stsr3onset,,,
kwk1onset,,,
dw1coda,,,
mpj2onset,,,
rp3coda,,,
rls1coda,,,
tm3onset,,,
uw2nucleus,,,
msk3onset,,,
vzj3onset,,,
pjh3onset,,,
bsd1onset,,,
lttt6coda,,,
rlj2onset,,,
ds1coda,,,
bxsr3onset,,,
btl2onset,,,
pjp1onset,,,
tjr1onset,,,
bxxl3onset,,,
tst3coda,,,
vq1coda,,,
pcr1onset,,,
bws2onset,,,
zd2coda,,,
tjd1onset,,,
vw1onset,,,
jz2coda,,,
swr3onset,,,
lsd3coda,,,
cst3coda,,,
dwt3onset,,,
pvr1onset,,,
aae3nucleus,,,
mfst3coda,,,
pwp3onset,,,
in2coda,,,
vjt1onset,,,
zi1onset,,,
wcc2coda,,,
bbl1onset,,,
kjl2onset,,,
dzdl3onset,,,
ml1onset,,,
snj2onset,,,
rtns1coda,,,
lts3coda,,,
lfst2coda,,,
rp1onset,,,
m2nucleus,,,
sjb2onset,,,
kwp2onset,,,
dzvl1onset,,,
aa2nucleus,,,
hjm3onset,,,
il1coda,,,
dzz1coda,,,
cj2onset,,,
vtr3onset,,,
sjt1onset,,,
tvzr2onset,,,
xd2onset,,,
pkl2onset,,,
fspr1onset,,,
rmb1onset,,,
vrs2coda,,,
bbr3onset,,,
iaj1nucleus,,,
wv3onset,,,
zx1coda,,,
st2onset,,,
unt2coda,,,
mbl2coda,,,
rpm1coda,,,
dd3onset,,,
vsl1onset,,,
tp2onset,,,
bn3onset,,,
pt1onset,,,
rsc3onset,,,
kpp3onset,,,
zxl1onset,,,
brp3onset,,,
tls3coda,,,
vrm3onset,,,
mrj2onset,,,
bp3onset,,,
kxsl1onset,,,
lkk2coda,,,
kvvl4onset,,,
ltst4coda,,,
tdzp2onset,,,
lk3coda,,,
mbql4coda,,,
fsx1onset,,,
nql2coda,,,
th3coda,,,
vld3onset,,,
mc2onset,,,
rr2coda,,,
rtsw2onset,,,
tjn3onset,,,
ktsp3onset,,,
nd1onset,,,
ncc2coda,,,
wj2coda,,,
hjh3onset,,,
n1onset,,,
vl3onset,,,
ua2nucleus,,,
trp1onset,,,
rrl1onset,,,
sjl2onset,,,
dd2onset,,,
twb3onset,,,
kzxr2onset,,,
mrh2onset,,,
fq2coda,,,
tjd3onset,,,
vwd3onset,,,
vrk3onset,,,
tjv2onset,,,
vrt2onset,,,
dsvr2onset,,,
amdz1coda,,,
mpx3onset,,,
trt1onset,,,
jb1onset,,,
kf2coda,,,
lns1coda,,,
kjr1onset,,,
aeo2nucleus,,,
ntts6coda,,,
us2coda,,,
pjk1onset,,,
bbk2onset,,,
sjl1onset,,,
nl3coda,,,
lv2onset,,,
nrl2onset,,,
dtk3onset,,,
dws2onset,,,
amd2coda,,,
kst2onset,,,
ioi1nucleus,,,
bjh2onset,,,
sjv1onset,,,
pwn2onset,,,
hwd2onset,,,
tzb2onset,,,
uou3nucleus,,,
d1coda,,,
dm2coda,,,
indz2coda,,,
xzl2onset,,,
tjl1onset,,,
kvzr3onset,,,
dl3onset,,,
mps4coda,,,
rmt3coda,,,
lftn4coda,,,
wx2coda,,,
bpt2onset,,,
kwp3onset,,,
lttt2coda,,,
nsj3onset,,,
lmst4coda,,,
ltsk1coda,,,
mstf3coda,,,
ct2onset,,,
rjd1onset,,,
mtsr1onset,,,
mjv3onset,,,
lfrn2coda,,,
kv2coda,,,
psn1coda,,,
njd1onset,,,
jk1coda,,,
htt1coda,,,
fs2coda,,,
tskr1onset,,,
a2nucleus,,,
kvvl1onset,,,
txb2onset,,,
rt1coda,,,
vzdr2onset,,,
hbr2onset,,,
kkr1onset,,,
nf1coda,,,
tss2onset,,,
nrs3coda,,,
dzvr3onset,,,
hl1onset,,,
rwk2onset,,,
nkt2coda,,,
rjr2onset,,,
q1nucleus,,,
zz2coda,,,
hm1onset,,,
tkl2onset,,,
bvzr3onset,,,
ptp1onset,,,
l1onset,,,
nv1onset,,,
tbr2onset,,,
wm3onset,,,
fpr3onset,,,
lkx2coda,,,
djn3onset,,,
xtr2onset,,,
vwb2onset,,,
bsk3onset,,,
tsfr3onset,,,
pn1coda,,,
au1nucleus,,,
bpk2onset,,,
zj1coda,,,
pvzr4onset,,,
bkt2onset,,,
kwn2onset,,,
vwv1onset,,,
bzb1onset,,,
mpst1coda,,,
lkt1coda,,,
ddd3onset,,,
rjs3onset,,,
pszl2onset,,,
fst3coda,,,
pvk2onset,,,
kst1onset,,,
rts1coda,,,
hrk1onset,,,
lkst4coda,,,
hwt1onset,,,
ptr3onset,,,
kszl3onset,,,
xb1onset,,,
kk1onset,,,
trh2onset,,,
sv1coda,,,
mftt3coda,,,
lwd1onset,,,
vkl3onset,,,
lms1coda,,,
aou2nucleus,,,
pts4coda,,,
sz2coda,,,
dztl1onset,,,
vls2coda,,,
o1nucleus,,,
tzvr2onset,,,
zxr4onset,,,
spm3onset,,,
nwv1onset,,,
tszl4onset,,,
lft3coda,,,
ht3coda,,,
rxp1coda,,,
kb2onset,,,
tspr1onset,,,
dsb1onset,,,
pdzk3onset,,,
zvr2onset,,,
pwv1onset,,,
njw3onset,,,
psxl2onset,,,
pxzr4onset,,,
rc1onset,,,
dtsb1onset,,,
bvvl2onset,,,
hs3coda,,,
rp3onset,,,
stnj3onset,,,
dhw3onset,,,
xz1coda,,,
kvl1onset,,,
zdr1onset,,,
lstf2coda,,,
jnd1coda,,,
imp2coda,,,
mk3onset,,,
nlj3onset,,,
bp1coda,,,
ppr1onset,,,
hjl1onset,,,
lrv2onset,,,
vc2coda,,,
mkw3onset,,,
tts2onset,,,
xk1coda,,,
pvvr1onset,,,
i1onset,,,
dxsr4onset,,,
ksts1coda,,,
g1onset,,,
tvd1onset,,,
bb2coda,,,
l3coda,,,
dvxl2onset,,,
bdzb3onset,,,
tzsl3onset,,,
sxv1onset,,,
bwp1onset,,,
np1onset,,,
bvvl4onset,,,
str3coda,,,
ao2nucleus,,,
iiu1nucleus,,,
lwt3onset,,,
tskl2onset,,,
ljt3onset,,,
ddr3onset,,,
md3onset,,,
pkb2onset,,,
jf2coda,,,
ksl3onset,,,
nst2coda,,,
vzv3onset,,,
cb2onset,,,
pxvl2onset,,,
bs3onset,,,
ktp1onset,,,
ntst1coda,,,
hj2onset,,,
vrn3onset,,,
kkt3onset,,,
tbk2onset,,,
fpr2onset,,,
rdz2onset,,,
ptsp3onset,,,
kjl1onset,,,
kxvr3onset,,,
rrt1coda,,,
umts2coda,,,
nr1onset,,,
jj1onset,,,
ksp1onset,,,
svl2onset,,,
fskl3onset,,,
sd3coda,,,
tw1coda,,,
pzp2onset,,,
sq2coda,,,
mjk1onset,,,
krp2onset,,,
pm1coda,,,
rts1onset,,,
rtns4coda,,,
nxp3coda,,,
bsr1onset,,,
lrs2onset,,,
dd1onset,,,
j2nucleus,,,
btl1onset,,,
kssr1onset,,,
pft2coda,,,
u1coda,,,
kq1coda,,,
rp1coda,,,
drd2onset,,,
aw1nucleus,,,
wdz2onset,,,
bvsr4onset,,,
jr2onset,,,
srt1onset,,,
pxvr3onset,,,
nfs2coda,,,
mwd1onset,,,
tsts1coda,,,
umts3coda,,,
mx2coda,,,
sk2coda,,,
ants2coda,,,
tsp2coda,,,
ptts5coda,,,
nbk2coda,,,
lwn2onset,,,
imt2coda,,,
hp1coda,,,
iei3nucleus,,,
b3coda,,,
fstf3coda,,,
l2onset,,,
hb1coda,,,
bvl4onset,,,
fstr1onset,,,
jr2coda,,,
txl2coda,,,
pkj2onset,,,
lkr3coda,,,
hpj3onset,,,
xdr3onset,,,
dtp1onset,,,
tst1onset,,,
hnd1coda,,,
rt3onset,,,
pts5coda,,,
jqs3coda,,,
unts2coda,,,
rjm3onset,,,
bdb2onset,,,
tbp3onset,,,
ddz3onset,,,
td1onset,,,
zr4onset,,,
ltt3coda,,,
btr1onset,,,
jf1coda,,,
bjv3onset,,,
ksr2onset,,,
sxw3onset,,,
ljd1onset,,,
bsvr1onset,,,
djr3onset,,,
zj2onset,,,
tvr1onset,,,
sj2onset,,,
vsl2onset,,,
kdzk3onset,,,
md1coda,,,
k1coda,,,
hjp3onset,,,
vln3coda,,,
rjm1onset,,,
txsl3onset,,,
twn3onset,,,
vzb2onset,,,
btl3onset,,,
bxt1onset,,,
ntts3coda,,,
kssl1onset,,,
aao2nucleus,,,
pbd1onset,,,
stnj2onset,,,
ms4coda,,,
tzvl3onset,,,
mdj1onset,,,
wb1coda,,,
krs1onset,,,
twr3onset,,,
tk2coda,,,
swn2onset,,,
bw2coda,,,
xtr1onset,,,
pc1onset,,,
tdr2onset,,,
sr2onset,,,
ll2coda,,,
jks1coda,,,
bjb2onset,,,
txzr2onset,,,
s1onset,,,
rps3coda,,,
kkb3onset,,,
ftst3coda,,,
hi2onset,,,
z1onset,,,
str3onset,,,
xpr3onset,,,
bzsr2onset,,,
rts2coda,,,
zk1coda,,,
zj3onset,,,
qj1coda,,,
sp2coda,,,
strj4onset,,,
tfr2onset,,,
dts2coda,,,
kjp2onset,,,
nc1coda,,,
klj2onset,,,
btsp3onset,,,
kzzr1onset,,,
mrh3onset,,,
npk1coda,,,
lm2coda,,,
rwm1onset,,,
kws1onset,,,
ltts1coda,,,
dztr1onset,,,
sdl3onset,,,
dm1coda,,,
spj2onset,,,
tbt3onset,,,
tsdl3onset,,,
nln3coda,,,
pbt2onset,,,
vx2onset,,,
sl3coda,,,
rc2coda,,,
dkb1onset,,,
sfl1onset,,,
bdl1onset,,,
znd2onset,,,
snj1onset,,,
rkj3onset,,,
prn2onset,,,
dkp3onset,,,
kwh3onset,,,
psp2onset,,,
jsd3coda,,,
spl2coda,,,
ljb2onset,,,
dzh1onset,,,
fj1onset,,,
kjh1onset,,,
twv3onset,,,
sfr2onset,,,
lrn2onset,,,
msk3coda,,,
tbl2onset,,,
pbr1onset,,,
dxsl3onset,,,
rrm1onset,,,
tsbl3onset,,,
zm3onset,,,
tr1coda,,,
hz2coda,,,
brd3onset,,,
qp2coda,,,
tbp1onset,,,
tl2coda,,,
kzvl4onset,,,
oo1nucleus,,,
rrs1onset,,,
vrv3onset,,,
dj2onset,,,
ddl3onset,,,
kpb2onset,,,
bjb3onset,,,
dwt1onset,,,
iaw2nucleus,,,
lcst1coda,,,
pkp2onset,,,
bwh3onset,,,
lsk3coda,,,
hwv3onset,,,
bjl2onset,,,
lrt1onset,,,
tskr2onset,,,
cd1onset,,,
nrp1onset,,,
szl1onset,,,
hk2onset,,,
lpt3coda,,,
bt2coda,,,
lstt1coda,,,
ptk2onset,,,
lts4coda,,,
trb1onset,,,
bxvr4onset,,,
bst3onset,,,
skl2onset,,,
srn1onset,,,
tvxr4onset,,,
unb1coda,,,
rrt2onset,,,
ttb2onset,,,
tr2coda,,,
vjm3onset,,,
vwp2onset,,,
vjm1onset,,,
tkr2onset,,,
fpl2onset,,,
prt3onset,,,
s2coda,,,
dpk1onset,,,
cts2coda,,,
xzl4onset,,,
bz1coda,,,
jl2onset,,,
bkp1onset,,,
mc1coda,,,
mfst1coda,,,
ieu3nucleus,,,
pkd3onset,,,
mbk3onset,,,
ss2onset,,,
kkk2onset,,,
av2nucleus,,,
zi2onset,,,
wb1onset,,,
ttt3onset,,,
pdb2onset,,,
ljv3onset,,,
rrk3onset,,,
vwn3onset,,,
psc1coda,,,
sn3coda,,,
txvr1onset,,,
dzpl1onset,,,
xt3coda,,,
tvvr2onset,,,
kdr1onset,,,
xtl1onset,,,
u1nucleus,,,
vrd2onset,,,
dwv3onset,,,
bwb1onset,,,
zt2coda,,,
rwt3onset,,,
vjn3onset,,,
lftn1coda,,,
ptsd3onset,,,
trp2onset,,,
bvvl1onset,,,
skr1coda,,,
tkk1onset,,,
tspl1onset,,,
tmb3onset,,,
nf2coda,,,
nd2coda,,,
bpb2onset,,,
kdzk1onset,,,
ktk2onset,,,
psr2onset,,,
rrm3onset,,,
zh2coda,,,
rwk1onset,,,
ljp3onset,,,
unp3coda,,,
zbw2onset,,,
kvt1onset,,,
mk1coda,,,
c2coda,,,
ktt2onset,,,
ksj3onset,,,
xtsr2onset,,,
bdt2onset,,,
lmst3coda,,,
stlj3onset,,,
y1nucleus,,,
tsbr3onset,,,
kdz2onset,,,
cn2onset,,,
wp2coda,,,
imts2coda,,,
pbt3onset,,,
au2nucleus,,,
pjn1onset,,,
prk2onset,,,
nz1coda,,,
pkw1onset,,,
wzd2onset,,,
di2onset,,,
wst3onset,,,
vrd1onset,,,
rdj2onset,,,
kh1coda,,,
ptl2onset,,,
txl2onset,,,
zdzr1onset,,,
dk2onset,,,
lktt1coda,,,
dszl1onset,,,
pzsr2onset,,,
nst1coda,,,
lptt3coda,,,
lpstt3coda,,,
xsr2onset,,,
dvxl3onset,,,
ds2coda,,,
nkr1onset,,,
hjd3onset,,,
zcc1coda,,,
tsm2onset,,,
pdzp3onset,,,
kdp2onset,,,
mtk2onset,,,
tz2coda,,,
jsd1coda,,,
px1coda,,,
nk1onset,,,
sk1coda,,,
ccj2onset,,,
lq1coda,,,
ntt2coda,,,
hrm1onset,,,
dvsr3onset,,,
rnd1onset,,,
lj2coda,,,
pkk3onset,,,
wqr2coda,,,
tsj3onset,,,
kzp1onset,,,
mjh2onset,,,
tn2onset,,,
mtr2onset,,,
frj2onset,,,
psc1onset,,,
dvzr2onset,,,
ee1nucleus,,,
pq1coda,,,
mfs2coda,,,
fst2coda,,,
vtw1onset,,,
xdl2onset,,,
psr4onset,,,
vrs1onset,,,
pwd1onset,,,
qh1coda,,,
hnd2onset,,,
bjd1onset,,,
lrh1onset,,,
lfrn4coda,,,
pbk1onset,,,
hl2coda,,,
br2onset,,,
ktk3onset,,,
p2coda,,,
lwt1onset,,,
tssl1onset,,,
kzk2onset,,,
dzv3onset,,,
mtt3coda,,,
nsk1coda,,,
dzf2coda,,,
lstf3coda,,,
jxp2coda,,,
sh2coda,,,
aa3nucleus,,,
flj2onset,,,
pl3coda,,,
skrj4onset,,,
nwd1onset,,,
bz2coda,,,
sf2onset,,,
txzl4onset,,,
ddz1onset,,,
ptsk3onset,,,
rjv1onset,,,
drl2onset,,,
kdzt3onset,,,
mw1onset,,,
andz1coda,,,
fskl4onset,,,
zdj3onset,,,
sb1onset,,,
mwh2onset,,,
ncn4onset,,,
zp2coda,,,
tsbr1onset,,,
pkr1onset,,,
bzk3onset,,,
ntr2coda,,,
fskr2onset,,,
ltsts1coda,,,
sh1coda,,,
ksb3onset,,,
nrk2onset,,,
bjd3onset,,,
bn2coda,,,
bbr2onset,,,
hts3coda,,,
dpt2onset,,,
bbl2onset,,,
vjh1onset,,,
bkk3onset,,,
sc1coda,,,
hpj2onset,,,
drr3onset,,,
dh1coda,,,
lr1onset,,,
bkd3onset,,,
ljs2onset,,,
xxr4onset,,,
bbp3onset,,,
uj2nucleus,,,
vdv2onset,,,
mtsk1onset,,,
jts2onset,,,
pdzp1onset,,,
kbl3onset,,,
rrt3onset,,,
tkp2onset,,,
vw3onset,,,
ii1nucleus,,,
ntt4coda,,,
jxt2coda,,,
dbr2onset,,,
bz1onset,,,
tjm3onset,,,
dzdr3onset,,,
nrn2onset,,,
unk1coda,,,
bvvr1onset,,,
qn1coda,,,
kjd3onset,,,
trd1onset,,,
rwp1onset,,,
bszl2onset,,,
bzvr4onset,,,
szr2onset,,,
dls1coda,,,
idz1coda,,,
sp3onset,,,
bvk3onset,,,
stw2onset,,,
tjw3onset,,,
mbw3onset,,,
ljt1onset,,,
ktt4coda,,,
kxxr4onset,,,
xb2coda,,,
fn2onset,,,
dd1coda,,,
zq2coda,,,
rk3onset,,,
lts2coda,,,
tsp1onset,,,
if2coda,,,
wc2coda,,,
rbm3coda,,,
pdr1onset,,,
vrm2onset,,,
tsrj3onset,,,
nks4coda,,,
rwr3onset,,,
kxzr1onset,,,
lwl2onset,,,
d1nucleus,,,
trd3onset,,,
srh2onset,,,
l1nucleus,,,
wdz2coda,,,
xtrn3coda,,,
rrr2onset,,,
tvxl3onset,,,
jks2coda,,,
dzr1onset,,,
pwh2onset,,,
wp3onset,,,
swb1onset,,,
pdp3onset,,,
rwb2onset,,,
a1onset,,,
tpd1onset,,,
pt1coda,,,
tfr1onset,,,
pbr2onset,,,
tvvr3onset,,,
fst1coda,,,
srr3onset,,,
tbb3onset,,,
rpt1coda,,,
rkj1onset,,,
tsd2coda,,,
pvvr3onset,,,
vrt2coda,,,
fkr1onset,,,
ntts1coda,,,
ndl3coda,,,
oj1nucleus,,,
kvzl1onset,,,
pwm1onset,,,
rv1coda,,,
tlj3onset,,,
st3onset,,,
imb1coda,,,
hjn2onset,,,
ju2nucleus,,,
dvzl3onset,,,
kpd3onset,,,
y2nucleus,,,
rl1onset,,,
pst1onset,,,
kzvr3onset,,,
uz2coda,,,
qh2coda,,,
th1onset,,,
kst2coda,,,
sqw1onset,,,
pb3onset,,,
mwl3onset,,,
txzr4onset,,,
pfl1onset,,,
ccr1onset,,,
pc2onset,,,
nj3onset,,,
swp1onset,,,
hjh1onset,,,
pl4onset,,,
pwr2onset,,,
mbj1onset,,,
ksr3onset,,,
mb3onset,,,
nrk3onset,,,
dzt1onset,,,
skj1onset,,,
hl2onset,,,
wh1coda,,,
trs3coda,,,
hrt1onset,,,
mjl3onset,,,
dtr3onset,,,
nks1coda,,,
xl1coda,,,
rl3onset,,,
c2onset,,,
kpj3onset,,,
nsj1onset,,,
dxxl2onset,,,
bxvl4onset,,,
bdzb2onset,,,
nhl3onset,,,
uz1coda,,,
zm1coda,,,
ueu3nucleus,,,
tvzl2onset,,,
srr2onset,,,
sc2coda,,,
ms1coda,,,
spl1onset,,,
tzt2onset,,,
vts2coda,,,
swl3onset,,,
kjp3onset,,,
cc1onset,,,
dwk2onset,,,
nh2onset,,,
krw3onset,,,
vp2coda,,,
mx3coda,,,
tb1coda,,,
vzbl1onset,,,
hwk1onset,,,
zpr3onset,,,
twb1onset,,,
kn2onset,,,
lfrn3coda,,,
mps2onset,,,
pzxl2onset,,,
brt3onset,,,
vp3onset,,,
wa2nucleus,,,
kzsr1onset,,,
lqs1coda,,,
z1coda,,,
kdt3onset,,,
dsk3onset,,,
bxsl3onset,,,
pzb1onset,,,
bpr3onset,,,
kzt2onset,,,
sts1coda,,,
pr1onset,,,
pzl3onset,,,
bjb1onset,,,
qz2onset,,,
swp3onset,,,
ct1coda,,,
kjn1onset,,,
krb3onset,,,
pj2onset,,,
ddk2onset,,,
bsvr2onset,,,
bjp1onset,,,
pzd1onset,,,
kzr2onset,,,
pxl4onset,,,
drn1onset,,,
kdz1coda,,,
rj3onset,,,
bwp2onset,,,
oo3nucleus,,,
pd1coda,,,
tzsl4onset,,,
tjt3onset,,,
pjd3onset,,,
iu3nucleus,,,
lb1coda,,,
bwl1onset,,,
vwb3onset,,,
vxr3onset,,,
tpp3onset,,,
xsl1onset,,,
bbt3onset,,,
ieu2nucleus,,,
vz2onset,,,
c1onset,,,
lts1coda,,,
ck1coda,,,
kpl2onset,,,
bzr3onset,,,
xr2coda,,,
jm2coda,,,
tcm2onset,,,
i3nucleus,,,
vb2coda,,,
bz3onset,,,
ztr3onset,,,
v1nucleus,,,
mbr2coda,,,
jtsr3onset,,,
pzl2onset,,,
spm2onset,,,
dql5coda,,,
tslj1onset,,,
zbr1onset,,,
strs3coda,,,
wf1coda,,,
tdr3onset,,,
eo2nucleus,,,
uiu3nucleus,,,
jn2coda,,,
wp1coda,,,
cz2coda,,,
jmb3onset,,,
bjh3onset,,,
dzzr1onset,,,
bxxl1onset,,,
pxxr2onset,,,
stnj1onset,,,
ckr3onset,,,
nrs1coda,,,
nstr2coda,,,
mwt3onset,,,
bwk2onset,,,
drn2onset,,,
txvl3onset,,,
krk1onset,,,
trp3onset,,,
xn2coda,,,
l3onset,,,
wk2onset,,,
scr1onset,,,
kzxr1onset,,,
vzd2onset,,,
fc2onset,,,
bcc2onset,,,
bvd3onset,,,
ksxr1onset,,,
mt3coda,,,
dkl2onset,,,
ptj3onset,,,
dxd1onset,,,
fm1coda,,,
txk3onset,,,
dzl2onset,,,
tvb1onset,,,
kh1onset,,,
ktt1coda,,,
mpc1onset,,,
ntr3onset,,,
ktsk3onset,,,
tvvl3onset,,,
ndd2coda,,,
ntst3coda,,,
lpj3onset,,,
rls2coda,,,
ljv2onset,,,
ddb2onset,,,
ntsw2onset,,,
ccl2onset,,,
dsvl1onset,,,
lrh2onset,,,
zsr4onset,,,
nc2onset,,,
uoi1nucleus,,,
zdv1onset,,,
pzsr3onset,,,
umt2coda,,,
kxxl2onset,,,
bk3coda,,,
rnj2coda,,,
rrh2onset,,,
sv2coda,,,
trh1onset,,,
mjn2onset,,,
lrr2onset,,,
kpt3onset,,,
jm1coda,,,
tsk2onset,,,
vcc2coda,,,
tkk2onset,,,
sdz1onset,,,
xzl1onset,,,
vd3onset,,,
pxk2onset,,,
rtls2coda,,,
js2onset,,,
dzd1onset,,,
sw3onset,,,
nzr3onset,,,
txvl4onset,,,
pxzl3onset,,,
mdzk1coda,,,
rdn2coda,,,
djt2onset,,,
npk2coda,,,
lpj1onset,,,
imb3coda,,,
qx1onset,,,
ntk1coda,,,
3onset,,,
st3coda,,,
dzzl2onset,,,
ht1onset,,,
zvl4onset,,,
tzl1onset,,,
rjp3onset,,,
bwb2onset,,,
qz1coda,,,
rjp1onset,,,
kp3onset,,,
ljw3onset,,,
fstr4onset,,,
njw1onset,,,
sp2onset,,,
ddb1onset,,,
nsln4coda,,,
f3coda,,,
vt2onset,,,
skj2onset,,,
dzvl3onset,,,
brs2onset,,,
mjl1onset,,,
jqs2coda,,,
mtt1coda,,,
str1coda,,,
zb2coda,,,
iuu2nucleus,,,
tv3onset,,,
mc2coda,,,
ftt1coda,,,
mdd3coda,,,
lrs1onset,,,
pxvl1onset,,,
lrn1onset,,,
rstf3coda,,,
ktl3onset,,,
mt3onset,,,
srd3onset,,,
vm3onset,,,
lbs2coda,,,
tdk3onset,,,
sxr1onset,,,
dxxl1onset,,,
vrk2onset,,,
nwh3onset,,,
drt2onset,,,
hts1coda,,,
bvzl4onset,,,
bzvr1onset,,,
pvvl2onset,,,
ckj1onset,,,
dzd1coda,,,
pjh2onset,,,
prj3onset,,,
brl3onset,,,
ncc1onset,,,
zvr4onset,,,
pjs3onset,,,
di1onset,,,
bpl3onset,,,
x3onset,,,
dl1onset,,,
dtr1onset,,,
ant3coda,,,
strj1onset,,,
hwm1onset,,,
ph1onset,,,
wzj1onset,,,
lpk1coda,,,
mkk1coda,,,
dzr3onset,,,
djb1onset,,,
swm1onset,,,
kzsl4onset,,,
dbp2onset,,,
mftt1coda,,,
bzr4onset,,,
ltstt2coda,,,
fsl3onset,,,
btsd3onset,,,
rxp2coda,,,
ddzk1onset,,,
krw2onset,,,
kkl3onset,,,
bi1onset,,,
ndr1coda,,,
zzr3onset,,,
rh2coda,,,
ws1onset,,,
tsts2onset,,,
zb3onset,,,
mv1coda,,,
ckj3coda,,,
fspl3onset,,,
r2onset,,,
vrt1onset,,,
kwh2onset,,,
o1onset,,,
skw1onset,,,
nks2coda,,,
lwk2onset,,,
swv1onset,,,
pdr3onset,,,
njb2onset,,,
bvt3onset,,,
dls2coda,,,
kc1onset,,,
sfj3onset,,,
pt4coda,,,
pwt1onset,,,
vwl2onset,,,
jxt3coda,,,
tjs1onset,,,
nkx1coda,,,
pv1coda,,,
njw2onset,,,
fts3coda,,,
ldzk3coda,,,
mftt4coda,,,
vws3onset,,,
f1coda,,,
xzr1onset,,,
vd1onset,,,
w1onset,,,
dtt2onset,,,
dssl1onset,,,
dk1coda,,,
ik2coda,,,
bvt2onset,,,
ptst2onset,,,
dwh1onset,,,
kxb3onset,,,
fsxr4onset,,,
nt3coda,,,
oa1nucleus,,,
uii3nucleus,,,
pbt1onset,,,
bs4coda,,,
bst2onset,,,
ln2onset,,,
kbk1onset,,,
zj2coda,,,
mm1coda,,,
bvl2onset,,,
lq2onset,,,
zvj3onset,,,
nx2coda,,,
vjp3onset,,,
bxzl2onset,,,
b1onset,,,
tstt1coda,,,
dxb3onset,,,
ptr1onset,,,
ut1coda,,,
kvk3onset,,,
bxzr4onset,,,
sl2coda,,,
ntr2onset,,,
lc2onset,,,
vtsl1onset,,,
nts2coda,,,
lrk1onset,,,
pdk1onset,,,
bb1coda,,,
tcm1onset,,,
psd3onset,,,
zr1onset,,,
srk2onset,,,
srp1onset,,,
rjk2onset,,,
rwt1onset,,,
hrb2onset,,,
bdz3onset,,,
h2coda,,,
vkj2onset,,,
dssl2onset,,,
mln2coda,,,
pxl3onset,,,
trj2onset,,,
kx2coda,,,
lwv3onset,,,
hr2onset,,,
dxk1onset,,,
ldz2coda,,,
ccr2onset,,,
dxsr2onset,,,
ltk1coda,,,
dssr3onset,,,
brt1onset,,,
rrr1onset,,,
xc1coda,,,
lptt2coda,,,
lrb1onset,,,
txsr4onset,,,
kpd2onset,,,
fs2onset,,,
wo2nucleus,,,
tn2coda,,,
psl2onset,,,
pkj3onset,,,
nlt2coda,,,
lss1coda,,,
bts3onset,,,
mjk2onset,,,
mkr3onset,,,
bxxr4onset,,,
tt5coda,,,
pzxl4onset,,,
tlj2onset,,,
mpc3onset,,,
pssr4onset,,,
db1coda,,,
kjr2onset,,,
eo1nucleus,,,
jj2onset,,,
dh1onset,,,
hrm2onset,,,
pb1coda,,,
lpstt1coda,,,
dzrj3onset,,,
is1coda,,,
ttsp3onset,,,
bdt1onset,,,
pr2onset,,,
tzt1onset,,,
lpt4coda,,,
dl2onset,,,
z2onset,,,
kstt4coda,,,
xwl1onset,,,
mln3coda,,,
pjb2onset,,,
rjb3onset,,,
kxvl2onset,,,
bvxl2onset,,,
lrt2onset,,,
bdb3onset,,,
pj2coda,,,
trn3onset,,,
drm1coda,,,
tpb1onset,,,
vd2onset,,,
rs3coda,,,
ddr2onset,,,
dxt1onset,,,
sc1onset,,,
lc1coda,,,
dts1coda,,,
zdv2onset,,,
bwh2onset,,,
drv3onset,,,
wts2onset,,,
khw2onset,,,
ss1onset,,,
dvxr2onset,,,
lbs1coda,,,
dzxr4onset,,,
ks1onset,,,
ump2coda,,,
uiu2nucleus,,,
tsi1onset,,,
zn1coda,,,
tzzl1onset,,,
stsl2onset,,,
ljl3onset,,,
qc1coda,,,
pkt1onset,,,
hrv2onset,,,
fsl1onset,,,
a1nucleus,,,
bxp3onset,,,
sdzr2onset,,,
nlj1onset,,,
tvzl1onset,,,
ksp3onset,,,
r3onset,,,
drd1onset,,,
nbz3onset,,,
lj2onset,,,
kjh2onset,,,
ki2onset,,,
tdl3onset,,,
mpst4coda,,,
ljb1onset,,,
rfs1coda,,,
iei2nucleus,,,
dkl3onset,,,
bpd1onset,,,
bkk2onset,,,
bpl2onset,,,
pln2coda,,,
rrt3coda,,,
xx1coda,,,
tx3onset,,,
psn2coda,,,
pwr1onset,,,
xxl4onset,,,
ld1onset,,,
sx1coda,,,
tz3onset,,,
dx3onset,,,
un2coda,,,
ljv1onset,,,
kszl2onset,,,
tdzd1onset,,,
phj3onset,,,
vrr3onset,,,
xz2coda,,,
ks4coda,,,
sth3onset,,,
cn1onset,,,
djs2onset,,,
ztsl2onset,,,
kdzp1onset,,,
l1coda,,,
slt1coda,,,
kts5coda,,,
klj3onset,,,
kpb1onset,,,
kdt2onset,,,
pvvl1onset,,,
lrb2onset,,,
pz2onset,,,
tvsr1onset,,,
djk3onset,,,
ndz1onset,,,
djk2onset,,,
mwk3onset,,,
kwl1onset,,,
vq2onset,,,
lrs3onset,,,
mrk3onset,,,
nm2coda,,,
twk2onset,,,
zzl2onset,,,
txvr4onset,,,
trr3onset,,,
fw2onset,,,
trn1onset,,,
qd1coda,,,
ueu2nucleus,,,
xr1coda,,,
lts5coda,,,
rnt2coda,,,
tjw1onset,,,
xdn3coda,,,
btb2onset,,,
xpl2onset,,,
lrl1onset,,,
ckr2onset,,,
sxw2onset,,,
brv3onset,,,
df1coda,,,
rns2coda,,,
ea2nucleus,,,
krl1onset,,,
pp2coda,,,
lktt3coda,,,
nhl2onset,,,
kts1coda,,,
k1onset,,,
tcp3onset,,,
kdp1onset,,,
mdk1coda,,,
twr1onset,,,
pzxl1onset,,,
und1coda,,,
wsk1onset,,,
rr1onset,,,
rjn2onset,,,
nrj3onset,,,
tsr3onset,,,
dwh2onset,,,
dsxl1onset,,,
vrl2onset,,,
bsvr3onset,,,
mwv2onset,,,
dhw1onset,,,
ndr3onset,,,
kvvl3onset,,,
mxt2coda,,,
bdd3onset,,,
rxs1coda,,,
lrm2onset,,,
psvr2onset,,,
dzzr2onset,,,
nrr3onset,,,
oio3nucleus,,,
phl3onset,,,
lrb3onset,,,
btk2onset,,,
brp1onset,,,
nrp3onset,,,
lwk1onset,,,
bkd1onset,,,
zz2onset,,,
dbb2onset,,,
kl1onset,,,
ktsb2onset,,,
hb2onset,,,
vdj1onset,,,
tvr2onset,,,
sbj2onset,,,
sxv3onset,,,
db2onset,,,
tszl2onset,,,
unts3coda,,,
t3coda,,,
pdzb3onset,,,
kw1onset,,,
xl2coda,,,
pdz1onset,,,
dzt3onset,,,
dzj2onset,,,
nb2coda,,,
tl1coda,,,
tsxl2onset,,,
bdzt3onset,,,
fl1onset,,,
dvxr4onset,,,
dvvr4onset,,,
ljn2onset,,,
sl1onset,,,
lwr2onset,,,
krd1onset,,,
dxr1onset,,,
swh1onset,,,
n3onset,,,
kk1coda,,,
brs1onset,,,
nsln3coda,,,
xpl1onset,,,
ttsb1onset,,,
vtl3onset,,,
lmsk4coda,,,
xr1onset,,,
zmbr3onset,,,
stsl1onset,,,
tls2coda,,,
dzzl3onset,,,
hwb1onset,,,
lms2coda,,,
pvk3onset,,,
pxzr1onset,,,
pxzl1onset,,,
mjs1onset,,,
kts1onset,,,
pstt4coda,,,
kxl3onset,,,
bs1coda,,,
wo1nucleus,,,
rfs3coda,,,
bszl4onset,,,
ls3coda,,,
mr2onset,,,
mw2onset,,,
dtl1onset,,,
fkl2onset,,,
ndz2onset,,,
hwl3onset,,,
prv2onset,,,
lm2onset,,,
tm2coda,,,
vwv2onset,,,
cj1coda,,,
xzl3onset,,,
bzzl4onset,,,
hk1onset,,,
vzd1onset,,,
rjt2onset,,,
zs1coda,,,
pv2coda,,,
zdzl2onset,,,
sw1coda,,,
bsxr3onset,,,
vwt1onset,,,
ants1coda,,,
km3onset,,,
pb2coda,,,
bzzl1onset,,,
trs1coda,,,
tsxr2onset,,,
lpst4coda,,,
tsbl2onset,,,
rwt2onset,,,
vbr1onset,,,
rftn3coda,,,
kxzl1onset,,,
psxr1onset,,,
ksj2onset,,,
tcp1onset,,,
njl2onset,,,
kxvl3onset,,,
wb3onset,,,
mtk3onset,,,
vwr1onset,,,
pxxl2onset,,,
fnj3onset,,,
xtrn2coda,,,
pdzp2onset,,,
bxxr3onset,,,
kzzl4onset,,,
bdzd3onset,,,
lst2coda,,,
kvsl2onset,,,
pzxr3onset,,,
sbl2onset,,,
ptt5coda,,,
srs2onset,,,
kp2coda,,,
mptt5coda,,,
mbl1onset,,,
dszr3onset,,,
nrn1coda,,,
vzb3onset,,,
xtn3coda,,,
wv2onset,,,
kzr3onset,,,
kd1onset,,,
drm3onset,,,
brl1onset,,,
kwn3onset,,,
dbt2onset,,,
ll2onset,,,
zpl2onset,,,
pvsl3onset,,,
rb1onset,,,
tst1coda,,,
pts3onset,,,
vdl2onset,,,
kzb2onset,,,
f2coda,,,
vsc2onset,,,
ib1coda,,,
unt3coda,,,
tj3onset,,,
dzdz1coda,,,
hws1onset,,,
vwm1onset,,,
pdzt3onset,,,
bsr4onset,,,
kdzp2onset,,,
bpd2onset,,,
pts3coda,,,
rsc2onset,,,
bvsl4onset,,,
hwn2onset,,,
trv2onset,,,
dvsl1onset,,,
aeo3nucleus,,,
kzzl3onset,,,
vwh3onset,,,
ml2onset,,,
bxzl4onset,,,
prs1coda,,,
lbm1coda,,,
bvd2onset,,,
rdj1onset,,,
lqs3coda,,,
ftr1onset,,,
txzl1onset,,,
kl2coda,,,
nk1coda,,,
bp2coda,,,
dxr2onset,,,
wx1coda,,,
dwm3onset,,,
mh1onset,,,
xwd3onset,,,
n1coda,,,
pzvr1onset,,,
kb1onset,,,
td1coda,,,
uu3nucleus,,,
zf1coda,,,
uiu1nucleus,,,
xs1coda,,,
trm3onset,,,
nx3coda,,,
rn1onset,,,
zl1onset,,,
kvxr1onset,,,
xp1coda,,,
vjk3onset,,,
svl4onset,,,
dbt3onset,,,
vr1coda,,,
bxt2onset,,,
tzsr4onset,,,
pxsl3onset,,,
dk3onset,,,
bx2coda,,,
kzvr2onset,,,
bdzk2onset,,,
tsd1coda,,,
ue2nucleus,,,
fb1coda,,,
qf1coda,,,
nw2onset,,,
prv3onset,,,
wu2nucleus,,,
qw2coda,,,
zlt1coda,,,
lstt2coda,,,
fsk1onset,,,
dkp1onset,,,
rfst4coda,,,
ck1onset,,,
bq1coda,,,
pst2coda,,,
pwk2onset,,,
kzt1onset,,,
nk2onset,,,
dzdz2coda,,,
pstt2coda,,,
bsr2onset,,,
ssl3onset,,,
lwm2onset,,,
tsvr4onset,,,
lf2coda,,,
lfst4coda,,,
rtf2coda,,,
rg1coda,,,
zl3onset,,,
lq3onset,,,
sjh1onset,,,
ye1nucleus,,,
sb2onset,,,
bvzl1onset,,,
kssl4onset,,,
kkl2onset,,,
krv1onset,,,
vbl1onset,,,
lft1coda,,,
ljh1onset,,,
ftt4coda,,,
zk3onset,,,
stnj4onset,,,
tc2onset,,,
dv2onset,,,
lfst1coda,,,
brp2onset,,,
fkr2onset,,,
pvr4onset,,,
pdp1onset,,,
mm2nucleus,,,
ln3coda,,,
zzl4onset,,,
lk2coda,,,
mdj2onset,,,
jj3coda,,,
bxsr4onset,,,
ndl2coda,,,
mjv1onset,,,
nbr2onset,,,
ljd3onset,,,
rr3coda,,,
smj3onset,,,
bxl1onset,,,
zp1coda,,,
brr2onset,,,
ints2coda,,,
pst3onset,,,
mdz3onset,,,
dkt3onset,,,
mfr2onset,,,
kvd3onset,,,
rrr3onset,,,
nks3coda,,,
vb2onset,,,
lt2coda,,,
wkr1onset,,,
tvxr2onset,,,
rrt1onset,,,
dzl3onset,,,
jm2onset,,,
wz1coda,,,
kxk2onset,,,
fstr3onset,,,
mj2onset,,,
djv2onset,,,
mw2coda,,,
rwb3onset,,,
sqr3onset,,,
mbts3coda,,,
mjs2onset,,,
xkw2onset,,,
tbj3onset,,,
kpj2onset,,,
dlj1onset,,,
tvp2onset,,,
jr1onset,,,
bxb2onset,,,
tvzr1onset,,,
nm1coda,,,
ms3coda,,,
bdk3onset,,,
kwp1onset,,,
rwv2onset,,,
kdr3onset,,,
tsf3onset,,,
xpr1onset,,,
jl3onset,,,
mn2coda,,,
lsd2coda,,,
nxt3coda,,,
kxvl4onset,,,
fsk2onset,,,
dbk1onset,,,
pvzl2onset,,,
lct1coda,,,
ksp2onset,,,
im2coda,,,
bd1coda,,,
rh1onset,,,
stl1onset,,,
bbd1onset,,,
cp2onset,,,
zw1coda,,,
pzzl1onset,,,
mrs1onset,,,
ps3onset,,,
prb2onset,,,
lptt4coda,,,
kx3onset,,,
wt1onset,,,
ld3coda,,,
pssl1onset,,,
ljn1onset,,,
kts4coda,,,
trn1coda,,,
jo1nucleus,,,
ew1nucleus,,,
ns2coda,,,
xx2coda,,,
prm3onset,,,
tdzt3onset,,,
rjb1onset,,,
rdw3onset,,,
pfm3onset,,,
kwt3onset,,,
sq1coda,,,
ktr1onset,,,
pzzr2onset,,,
tbt2onset,,,
lx2onset,,,
tsz1coda,,,
ff2coda,,,
mv2coda,,,
iui3nucleus,,,
zzl3onset,,,
dql4coda,,,
kr1onset,,,
vrl3onset,,,
pssr2onset,,,
pst2onset,,,
prh2onset,,,
ldz1coda,,,
drr2onset,,,
sjp2onset,,,
tr3onset,,,
ltrn1coda,,,
vtl2onset,,,
kdzb2onset,,,
dxl2onset,,,
fk1coda,,,
ppb1onset,,,
rtsw1onset,,,
kdd2onset,,,
ds3coda,,,
djl3onset,,,
vk2onset,,,
nbr3onset,,,
bn1coda,,,
kvp2onset,,,
rts3coda,,,
pvvr4onset,,,
hjd2onset,,,
nrm1onset,,,
lh1coda,,,
k3onset,,,
pvxl1onset,,,
hts2onset,,,
swn1onset,,,
mbw2onset,,,
bdzp2onset,,,
iou2nucleus,,,
je1nucleus,,,
rlt2coda,,,
txr4onset,,,
ltts6coda,,,
tsn1onset,,,
iuu1nucleus,,,
lfts1coda,,,
lbj2onset,,,
hn2coda,,,
txzr1onset,,,
rv2onset,,,
vrb1onset,,,
psxl3onset,,,
lstf4coda,,,
sqw3onset,,,
yi2nucleus,,,
ksd1onset,,,
dql2coda,,,
xw1onset,,,
hrr1onset,,,
nwt3onset,,,
up2coda,,,
wsp3coda,,,
srp2onset,,,
lbt2coda,,,
ptst3onset,,,
bz2onset,,,
ntts4coda,,,
wv1onset,,,
hrn3onset,,,
mln1coda,,,
tjn2onset,,,
rst1coda,,,
cf2onset,,,
dsr3onset,,,
lvr2coda,,,
tpr3onset,,,
pdz1coda,,,
pk2coda,,,
idz2coda,,,
ktsk2onset,,,
dtsd1onset,,,
iz2coda,,,
tb1onset,,,
njr2onset,,,
zdv3onset,,,
twp2onset,,,
pdzd3onset,,,
tvsr2onset,,,
rq2coda,,,
pfm2onset,,,
nj1onset,,,
pf1onset,,,
sdzr3onset,,,
sjs1onset,,,
dsk1onset,,,
dzlj1onset,,,
iei1nucleus,,,
dbb3onset,,,
k1nucleus,,,
lz1onset,,,
aou1nucleus,,,
ksl2onset,,,
bzb2onset,,,
tdzb3onset,,,
stv1onset,,,
ti1onset,,,
vxl1onset,,,
dpb2onset,,,
jnt1coda,,,
vh2onset,,,
sj2coda,,,
dxvl4onset,,,
fz2coda,,,
srv2onset,,,
ktsp2onset,,,
dls3coda,,,
tzr3onset,,,
kzzr3onset,,,
rkj2onset,,,
wn2coda,,,
ndzj2onset,,,
txd3onset,,,
tts2coda,,,
rjh3onset,,,
xc1onset,,,
bs1onset,,,
dkk2onset,,,
hj3coda,,,
km1coda,,,
ldk2coda,,,
uaj3nucleus,,,
prs2onset,,,
bbd3onset,,,
pxk3onset,,,
tzk1onset,,,
hjr2onset,,,
pb2onset,,,
iou1nucleus,,,
lstt3coda,,,
lwd3onset,,,
lt3coda,,,
xbl3onset,,,
txxr2onset,,,
jt3onset,,,
nwt1onset,,,
dxvl1onset,,,
txxr4onset,,,
tzr1onset,,,
ltsts2coda,,,
si2onset,,,
jw1coda,,,
lq1onset,,,
m1coda,,,
hr1coda,,,
dzsr3onset,,,
ktt2coda,,,
njl3onset,,,
nwr2onset,,,
bxsr2onset,,,
umb2coda,,,
djw1onset,,,
hv1onset,,,
xvr4onset,,,
kzl1onset,,,
btb3onset,,,
sdl1onset,,,
btt1onset,,,
sjd2onset,,,
fp1coda,,,
pzsl4onset,,,
bbb3onset,,,
kzl3onset,,,
ktd1onset,,,
ptsk2onset,,,
qv2onset,,,
tzzr2onset,,,
dwn1onset,,,
pvzr1onset,,,
t1coda,,,
nttt4coda,,,
k3coda,,,
ddzp1onset,,,
bjn1onset,,,
djl1onset,,,
drp1onset,,,
dxxr1onset,,,
vm1coda,,,
dwn2onset,,,
nrs1onset,,,
pc2coda,,,
pjs2onset,,,
ntstf1coda,,,
tdl1onset,,,
trv3onset,,,
pwl1onset,,,
tsd2onset,,,
fsxl4onset,,,
pvsr2onset,,,
dsxr4onset,,,
lwh2onset,,,
bxr3onset,,,
ei1nucleus,,,
br3onset,,,
kkk1onset,,,
imdz2coda,,,
stl3onset,,,
nrk4coda,,,
vvr2onset,,,
pwt2onset,,,
cb1coda,,,
ppb3onset,,,
kzl2onset,,,
dst2onset,,,
jds1coda,,,
kzb1onset,,,
pvt3onset,,,
vrb2onset,,,
tq2coda,,,
nts5coda,,,
tkp1onset,,,
dzkr1onset,,,
lns3coda,,,
dwb3onset,,,
qs2coda,,,
rsl2coda,,,
ww2coda,,,
dztl2onset,,,
jts2coda,,,
rmts2coda,,,
zbj3onset,,,
wi2nucleus,,,
zv1coda,,,
ncc2onset,,,
rlj1onset,,,
nts2onset,,,
tbl3onset,,,
cp2coda,,,
slj2onset,,,
wsk2onset,,,
wa1nucleus,,,
uo1nucleus,,,
lrr1onset,,,
bvvr3onset,,,
vwr2onset,,,
lsts2coda,,,
kwt2onset,,,
nrb2onset,,,
mwl2onset,,,
psl3onset,,,
skrj3onset,,,
ptsb1onset,,,
bdzb1onset,,,
mrp3onset,,,
mt4onset,,,
ppd1onset,,,
rfst3coda,,,
lx1coda,,,
ksb2onset,,,
rn2onset,,,
psc3onset,,,
rj1onset,,,
nttt1coda,,,
rwd1onset,,,
lwr1onset,,,
tkl1onset,,,
ntsts2coda,,,
txvr3onset,,,
cj3onset,,,
vjr2onset,,,
pvzl4onset,,,
jl2coda,,,
rt1onset,,,
ns3coda,,,
dzkl3onset,,,
psc3coda,,,
mpl1onset,,,
dtsd2onset,,,
vq2coda,,,
pdzk1onset,,,
ln1coda,,,
ntsts4coda,,,
ltt2coda,,,
wd2coda,,,
bvr3onset,,,
zvn1onset,,,
tsk1onset,,,
mfl3onset,,,
q2coda,,,
kkk3onset,,,
ts3coda,,,
umd3coda,,,
ms3onset,,,
kssr2onset,,,
vql3onset,,,
zc1coda,,,
dxl4onset,,,
dxp3onset,,,
ndts1coda,,,
drb2onset,,,
xm1onset,,,
kpd1onset,,,
dxxr2onset,,,
kvd1onset,,,
tvp3onset,,,
nzj3onset,,,
dzw3onset,,,
srl2onset,,,
pbl3onset,,,
rjb2onset,,,
bzt2onset,,,
jst1coda,,,
xpr2onset,,,
lds2coda,,,
tdr1onset,,,
zpr1onset,,,
br4onset,,,
dj1onset,,,
td2onset,,,
dtp2onset,,,
vvl2onset,,,
bsd2onset,,,
x3coda,,,
dwl1onset,,,
nb1onset,,,
un2nucleus,,,
llj1onset,,,
ht1coda,,,
iaj2nucleus,,,
tsw3onset,,,
sql1onset,,,
dp2coda,,,
xtsr1onset,,,
fsm1onset,,,
ttd2onset,,,
nst3coda,,,
mkr2onset,,,
n3coda,,,
tts1onset,,,
nt1coda,,,
wh2onset,,,
cj2coda,,,
fn3onset,,,
vxl4onset,,,
wz2coda,,,
ddzb1onset,,,
pzk3onset,,,
kws2onset,,,
tsrj2onset,,,
mlj2onset,,,
msts4coda,,,
qz1onset,,,
lbt1coda,,,
lmtt3coda,,,
kbr1onset,,,
ph2onset,,,
mdz2coda,,,
rtns3coda,,,
bts2onset,,,
oio1nucleus,,,
xwl2onset,,,
mtk1onset,,,
skv2onset,,,
imk2coda,,,
dsxl3onset,,,
ppk2onset,,,
tsl3onset,,,
nzj2onset,,,
kxsl2onset,,,
pjv3onset,,,
tdzt2onset,,,
hnd3coda,,,
ncs2coda,,,
tjp2onset,,,
dzp1coda,,,
pwm2onset,,,
njs2onset,,,
mpts4coda,,,
kzvl3onset,,,
fd2coda,,,
mm1nucleus,,,
nstf1coda,,,
fsxr3onset,,,
njk1onset,,,
wr3onset,,,
wu1nucleus,,,
vrt3coda,,,
kwb2onset,,,
vdr2onset,,,
rhs3coda,,,
tsv3onset,,,
tjw2onset,,,
zu1nucleus,,,
mtt2coda,,,
sdl2onset,,,
bc2onset,,,
kkd2onset,,,
mf2onset,,,
ckr1onset,,,
kjw1onset,,,
ns2onset,,,
d3onset,,,
wzd3onset,,,
mjd1onset,,,
tvvr4onset,,,
bxsl4onset,,,
klw2onset,,,
ccp2onset,,,
stsr2onset,,,
nbk1coda,,,
dbb1onset,,,
rps2coda,,,
drt1onset,,,
zrj3onset,,,
cs2onset,,,
brr1onset,,,
kbp3onset,,,
zzr1onset,,,
tts1coda,,,
tz2onset,,,
nr3onset,,,
nln1coda,,,
dzpl3onset,,,
bwt1onset,,,
ttsk3onset,,,
kzvl2onset,,,
txl3coda,,,
nwv3onset,,,
np3onset,,,
sr2coda,,,
bdzd1onset,,,
hjp2onset,,,
pjl3onset,,,
mrk1onset,,,
rnt3coda,,,
dsvr3onset,,,
psvl3onset,,,
ktst3onset,,,
vt1coda,,,
rjt3onset,,,
fj2coda,,,
tst3onset,,,
vr2coda,,,
w2nucleus,,,
ql2onset,,,
pzk2onset,,,
kbk2onset,,,
njt1onset,,,
vtsl2onset,,,
mnd2onset,,,
lktt4coda,,,
mcr2onset,,,
mrb1onset,,,
prj2onset,,,
twh1onset,,,
vdr1onset,,,
imts1coda,,,
tvsl1onset,,,
bl1onset,,,
pp3onset,,,
pxd2onset,,,
un3coda,,,
txk2onset,,,
dst3onset,,,
trt3onset,,,
txxl1onset,,,
eia1nucleus,,,
bdz2onset,,,
ntk3coda,,,
xr2onset,,,
bj2onset,,,
wl1onset,,,
drs2onset,,,
bs3coda,,,
mtsk3onset,,,
mn3onset,,,
jc2coda,,,
wr1onset,,,
kxk3onset,,,
fl3onset,,,
pi2onset,,,
pjh1onset,,,
dxsl1onset,,,
ksvr1onset,,,
fsp3onset,,,
kvzl3onset,,,
ntw1onset,,,
dzh2onset,,,
bpr2onset,,,
nft1coda,,,
rst3onset,,,
znd3onset,,,
pxb1onset,,,
uia2nucleus,,,
t1nucleus,,,
kt1onset,,,
sk3onset,,,
tt2coda,,,
wsk3onset,,,
tzvr1onset,,,
xkl3onset,,,
lmsk2coda,,,
sfj2onset,,,
skj3onset,,,
unp1coda,,,
iui2nucleus,,,
pbb2onset,,,
mjt3onset,,,
bi2onset,,,
wst2onset,,,
prm2onset,,,
kn1coda,,,
lsts3coda,,,
tvl3onset,,,
nt2coda,,,
ltt1coda,,,
fskl2onset,,,
eu1nucleus,,,
tvr4onset,,,
ui2nucleus,,,
cs1coda,,,
ln1onset,,,
pln1coda,,,
trh3onset,,,
skrj2onset,,,
iw2nucleus,,,
mc1onset,,,
rcj1coda,,,
rrn1onset,,,
rrp2onset,,,
kkp3onset,,,
mpt4coda,,,
dr3onset,,,
pkl3onset,,,
fb2coda,,,
xr4onset,,,
xwr3onset,,,
bvb1onset,,,
uj1nucleus,,,
hk2coda,,,
pzsl1onset,,,
zcc2coda,,,
vrn1onset,,,
njp3onset,,,
psb1onset,,,
tszr1onset,,,
tpl2onset,,,
m3onset,,,
bwl2onset,,,
stw1onset,,,
bp2onset,,,
and2coda,,,
ljl2onset,,,
cp1onset,,,
mbts1coda,,,
ptt2onset,,,
vrp3onset,,,
mptt4coda,,,
wt3coda,,,
trn3coda,,,
cccc2coda,,,
aie2nucleus,,,
xtsl2onset,,,
tsxl3onset,,,
dc2onset,,,
lc3onset,,,
xk1onset,,,
nkk2coda,,,
pstt3coda,,,
vtw2onset,,,
dwd1onset,,,
bs2coda,,,
hrm3onset,,,
ttk3onset,,,
dkr3onset,,,
rn1coda,,,
hrj2onset,,,
bvxr4onset,,,
hnd1onset,,,
fn2coda,,,
wq2coda,,,
lbk3coda,,,
tmb2onset,,,
vt2coda,,,
psn3coda,,,
pzd2onset,,,
tpt1onset,,,
zsl1onset,,,
lv1coda,,,
lh2onset,,,
lwv1onset,,,
pvb2onset,,,
uuu3nucleus,,,
rjh2onset,,,
qb1coda,,,
w3onset,,,
rjl1onset,,,
mjt2onset,,,
bws3onset,,,
dvk2onset,,,
tsvr1onset,,,
ql1onset,,,
mts5coda,,,
kxk1onset,,,
bzk2onset,,,
pkb1onset,,,
vjb3onset,,,
kj3onset,,,
bvxl4onset,,,
xvl3onset,,,
dxp1onset,,,
ttsd2onset,,,
xsr3onset,,,
lfd1coda,,,
pf1nucleus,,,
khj3onset,,,
zlt2coda,,,
dwl3onset,,,
lxf3coda,,,
scl1onset,,,
bzxr3onset,,,
nw2coda,,,
bt1coda,,,
sr3onset,,,
lrj2onset,,,
mkw1onset,,,
kf1coda,,,
ip1coda,,,
vt1onset,,,
ddd2onset,,,
tjk3onset,,,
u2coda,,,
vlj1onset,,,
bl2onset,,,
zkr1onset,,,
dztr2onset,,,
i2nucleus,,,
tw2onset,,,
ltj3onset,,,
tcm3onset,,,
pjt2onset,,,
mrs2onset,,,
pbl1onset,,,
tzxr3onset,,,
zls2coda,,,
wk1coda,,,
t2onset,,,
sjr1onset,,,
lv1onset,,,
lbk2coda,,,
nwn3onset,,,
sxl3onset,,,
jz1coda,,,
klj1onset,,,
mlt2coda,,,
bzsl1onset,,,
up1coda,,,
pxt2onset,,,
dm1onset,,,
rtc1coda,,,
xtn2onset,,,
iu1nucleus,,,
btsd1onset,,,
dzp3onset,,,
tsc2onset,,,
vb3onset,,,
ndj3onset,,,
nn2onset,,,
bvvl3onset,,,
ktsb3onset,,,
lsd1coda,,,
uui2nucleus,,,
tvxr3onset,,,
kq2coda,,,
dwh3onset,,,
tws3onset,,,
lkh2onset,,,
trk3onset,,,
kxxr2onset,,,
vv2onset,,,
dpp2onset,,,
ntts5coda,,,
ht2onset,,,
lmst1coda,,,
ndz1coda,,,
kxd1onset,,,
zts2coda,,,
dzpr1onset,,,
mwk1onset,,,
prl3onset,,,
mlt1coda,,,
nn1coda,,,
bvxl3onset,,,
psb3onset,,,
nm2onset,,,
nrb3onset,,,
tjh3onset,,,
ml1coda,,,
dws1onset,,,
tssr3onset,,,
io3nucleus,,,
krw1onset,,,
tws1onset,,,
bxk1onset,,,
psvr3onset,,,
kt4coda,,,
vr2onset,,,
vrj3onset,,,
rtn1coda,,,
swt1onset,,,
drk1onset,,,
krv2onset,,,
djp1onset,,,
xvl4onset,,,
vxr4onset,,,
cz1onset,,,
fnj1onset,,,
zbj1onset,,,
tzxr4onset,,,
tkt1onset,,,
mfst2coda,,,
rdw1onset,,,
cst4coda,,,
dr2coda,,,
wc2onset,,,
lfts3coda,,,
vl1onset,,,
mjb1onset,,,
kpk1onset,,,
vn2coda,,,
lfrn1coda,,,
jn3onset,,,
dkb3onset,,,
ppl3onset,,,
rtl3coda,,,
hrh1onset,,,
ntsts1coda,,,
nkr2onset,,,
tdt2onset,,,
nlt4coda,,,
dxl3onset,,,
txxl4onset,,,
prr3onset,,,
njn1onset,,,
dzt2onset,,,
tzxl4onset,,,
xb2onset,,,
bsr3onset,,,
mst3coda,,,
kzzr4onset,,,
pr4onset,,,
hwv2onset,,,
tvk2onset,,,
kbb2onset,,,
ld2coda,,,
tjm1onset,,,
bkr1onset,,,
wq1coda,,,
uk2coda,,,
ddz2onset,,,
xd1coda,,,
tms1onset,,,
tkt3onset,,,
mwv1onset,,,
ddzp2onset,,,
bx3onset,,,
tkn2onset,,,
tvvl1onset,,,
tsz2onset,,,
tkl3onset,,,
tdd2onset,,,
ndd3coda,,,
btst3onset,,,
srr1onset,,,
ktsp1onset,,,
pjb1onset,,,
fsx3onset,,,
ljh3onset,,,
tsx3onset,,,
mpk3coda,,,
ij2nucleus,,,
tsd3onset,,,
dzl4onset,,,
pwp1onset,,,
tzsr2onset,,,
mjm2onset,,,
rts2onset,,,
nk3onset,,,
rjn3onset,,,
vp1onset,,,
cb2coda,,,
kxr4onset,,,
stf1coda,,,
skr3onset,,,
btk3onset,,,
btt2onset,,,
c1coda,,,
kbd1onset,,,
dzk3coda,,,
udz2coda,,,
zq1coda,,,
lcc2onset,,,
hb2coda,,,
mjl2onset,,,
rks3coda,,,
mcr3onset,,,
cx2onset,,,
d1onset,,,
nws1onset,,,
njt2onset,,,
cst1coda,,,
pfst3coda,,,
uai3nucleus,,,
dzbr3onset,,,
lrd1onset,,,
hd1onset,,,
rkx2coda,,,
sth2onset,,,
vjl1onset,,,
prh3onset,,,
amd3coda,,,
tjb3onset,,,
hbr1onset,,,
tsp3onset,,,
nrd1onset,,,
xdzl2onset,,,
ktb2onset,,,
kzxl3onset,,,
qj3onset,,,
bpl1onset,,,
dzdr1onset,,,
rx1coda,,,
ks3coda,,,
e1nucleus,,,
tc1onset,,,
b1coda,,,
x2coda,,,
hwl2onset,,,
vjl2onset,,,
nwk3onset,,,
pdj2onset,,,
ql3coda,,,
tsts1onset,,,
vjh3onset,,,
rrj1onset,,,
mpm3coda,,,
frj3onset,,,
bkb3onset,,,
tsx2onset,,,
tbt1onset,,,
rk2coda,,,
srj1onset,,,
rv3onset,,,
dbk3onset,,,
mwn2onset,,,
srd2onset,,,
kvxr4onset,,,
kjs1onset,,,
tsxl4onset,,,
bszl1onset,,,
bsxl1onset,,,
dsp3onset,,,
vzd3onset,,,
ue1nucleus,,,
qv1onset,,,
slt2coda,,,
tvt2onset,,,
it1coda,,,
wp1onset,,,
kzsl2onset,,,
jb2onset,,,
prs3coda,,,
rwd3onset,,,
its1coda,,,
mptt1coda,,,
ljk3onset,,,
lh2coda,,,
vdl1onset,,,
psvr4onset,,,
hrp2onset,,,
pxn1onset,,,
ppt2onset,,,
hjk2onset,,,
kvr1onset,,,
vrb3onset,,,
ntsk1coda,,,
mbk3coda,,,
ptsp1onset,,,
lkt3coda,,,
ntstt4coda,,,
dxzr1onset,,,
ksts4coda,,,
vjr1onset,,,
njd3onset,,,
jm3onset,,,
dxxr3onset,,,
dxsr3onset,,,
bwm1onset,,,
mp3onset,,,
pvzr2onset,,,
li2onset,,,
sjt3onset,,,
b1nucleus,,,
jy1nucleus,,,
lmt1coda,,,
lmt3coda,,,
ms1onset,,,
vrp2onset,,,
unb3coda,,,
hwb3onset,,,
nstr4coda,,,
xw3onset,,,
bjr2onset,,,
bwb3onset,,,
sdj1onset,,,
pwv2onset,,,
vlj2onset,,,
rh1coda,,,
jtsr2onset,,,
qb2coda,,,
ksvl4onset,,,
k2onset,,,
bzxl2onset,,,
nh1coda,,,
wh2coda,,,
xw2onset,,,
dtd1onset,,,
tbr1onset,,,
vbr3onset,,,
rxp3coda,,,
lbs3coda,,,
dzn2onset,,,
vz3onset,,,
spj3onset,,,
spl2onset,,,
thj3onset,,,
mnd3onset,,,
sqr1onset,,,
dzb3onset,,,
xn2onset,,,
sp3coda,,,
sk2onset,,,
vr3onset,,,
xp3coda,,,
zp1onset,,,
nwt2onset,,,
njm2onset,,,
dvsl3onset,,,
kwn1onset,,,
ja1nucleus,,,
djn1onset,,,
dvvl3onset,,,
hjm2onset,,,
nlt1coda,,,
ptb1onset,,,
ph3onset,,,
kb3onset,,,
amts3coda,,,
pi1onset,,,
dr3coda,,,
bw1coda,,,
fm3onset,,,
jst3coda,,,
strs4coda,,,
knj2onset,,,
brk3onset,,,
twt3onset,,,
kxp1onset,,,
vjp1onset,,,
mrl3onset,,,
cq2coda,,,
ndj2onset,,,
zvn2onset,,,
fdz2coda,,,
lds3coda,,,
sr1coda,,,
ctr3onset,,,
rpj1onset,,,
ktk1onset,,,
txsl4onset,,,
btd1onset,,,
vbl2onset,,,
jkr2onset,,,
ua1nucleus,,,
xtn2coda,,,
pwh3onset,,,
ws1coda,,,
twh3onset,,,
pzb2onset,,,
brj3onset,,,
hwr1onset,,,
fj1coda,,,
yu1nucleus,,,
pvp1onset,,,
kxxr3onset,,,
spr3onset,,,
ddzp3onset,,,
bvp1onset,,,
tjk1onset,,,
h1onset,,,
ju1nucleus,,,
wxt2onset,,,
drs3onset,,,
dpk3onset,,,
dp3coda,,,
dvsr2onset,,,
w2onset,,,
zvl1onset,,,
cq1coda,,,
un1coda,,,
av1nucleus,,,
iai2nucleus,,,
mr2coda,,,
ee3nucleus,,,
srk3onset,,,
p1onset,,,
vdzl2onset,,,
sls2coda,,,
mws2onset,,,
lbm3coda,,,
vvr1onset,,,
tx1onset,,,
vdzr1onset,,,
vwd1onset,,,
dzk1onset,,,
tsxr3onset,,,
spr2onset,,,
cts3coda,,,
tdz2onset,,,
ksxr3onset,,,
ksr4onset,,,
umdz2coda,,,
krt3onset,,,
cc2onset,,,
unk2coda,,,
nttt2coda,,,
mps3coda,,,
nwm2onset,,,
nps3onset,,,
vkr2onset,,,
2onset,,,
pvxr3onset,,,
tstf4coda,,,
mql1coda,,,
vts1coda,,,
tvp1onset,,,
kw3onset,,,
nts3onset,,,
sx2onset,,,
qr2onset,,,
dzz2coda,,,
vjm2onset,,,
bv1nucleus,,,
ptsd2onset,,,
kzl4onset,,,
kt1coda,,,
rwn2onset,,,
fsxl2onset,,,
pssl3onset,,,
vsr1onset,,,
tzvl1onset,,,
jv1onset,,,
pzvl4onset,,,
rtf3coda,,,
xdr2onset,,,
n2coda,,,
drt3onset,,,
hnd2coda,,,
ldk1coda,,,
dzv1onset,,,
rw1coda,,,
vsn1onset,,,
mbr1onset,,,
tdzk1onset,,,
jdd1coda,,,
cl2onset,,,
rwh3onset,,,
kwv3onset,,,
dzb1coda,,,
rsp3coda,,,
kwv2onset,,,
fd1coda,,,
krr2onset,,,
xkr3onset,,,
pxr1onset,,,
lrj1onset,,,
rwp2onset,,,
jo2nucleus,,,
dzxl4onset,,,
km1onset,,,
ttsb2onset,,,
nrs2coda,,,
s1nucleus,,,
sdzl1onset,,,
lts1onset,,,
njh1onset,,,
tvl1onset,,,
rtls3coda,,,
ndr2coda,,,
ls1coda,,,
md1onset,,,
ljr1onset,,,
ls1onset,,,
jv2onset,,,
rj1coda,,,
ddzk2onset,,,
mbr2onset,,,
nv1coda,,,
vls1coda,,,
tpt2onset,,,
stj3onset,,,
zn1onset,,,
kl1coda,,,
vwl1onset,,,
wj2onset,,,
mrl1onset,,,
nstf2coda,,,
wsr2onset,,,
khr3onset,,,
dvl3onset,,,
jdz1coda,,,
hwv1onset,,,
wz1onset,,,
nrv1onset,,,
pts1onset,,,
sxl1onset,,,
jh2onset,,,
nz2coda,,,
mrr2onset,,,
bxk2onset,,,
kjv3onset,,,
nft3coda,,,
njs1onset,,,
ndts2coda,,,
ant2coda,,,
fspl1onset,,,
tpk3onset,,,
bd3onset,,,
nwp3onset,,,
ksl1onset,,,
kk2coda,,,
ud2coda,,,
btt3onset,,,
dzxl3onset,,,
pvt1onset,,,
mwb3onset,,,
drr1onset,,,
ksd3onset,,,
w1coda,,,
tdl2onset,,,
wzj2onset,,,
psd1onset,,,
kbt3onset,,,
rz2coda,,,
ssr3onset,,,
kbl2onset,,,
fd3coda,,,
zpl3onset,,,
ttst3onset,,,
wr1coda,,,
hjs2onset,,,
pkk2onset,,,
mpl2coda,,,
ks2coda,,,
rwm3onset,,,
rjk3onset,,,
mpl2onset,,,
dn2onset,,,
xdzl3onset,,,
cm2onset,,,
zf2coda,,,
zt1onset,,,
trn2coda,,,
tkd2onset,,,
dsb3onset,,,
pdt2onset,,,
ftt2coda,,,
xk3onset,,,
bvk2onset,,,
swv3onset,,,
wp2onset,,,
mstf2coda,,,
nzr2onset,,,
dzk2coda,,,
zb1onset,,,
txd1onset,,,
mkj2onset,,,
dsxr3onset,,,
drj3onset,,,
ktsb1onset,,,
m2onset,,,
hr2coda,,,
fst2onset,,,
jbs2coda,,,
ip2coda,,,
rw2coda,,,
pws3onset,,,
dxd2onset,,,
pvp3onset,,,
dzbr1onset,,,
lptt1coda,,,
xbl2onset,,,
pszr3onset,,,
cl1onset,,,
vzgl2onset,,,
lns2coda,,,
dzkr2onset,,,
ltts4coda,,,
dvxl4onset,,,
vvl4onset,,,
lwl3onset,,,
lpts4coda,,,
lk1coda,,,
pjn2onset,,,
sk3coda,,,
umb1coda,,,
bpp1onset,,,
qw2onset,,,
mp1onset,,,
ppl1onset,,,
ieu1nucleus,,,
nws3onset,,,
skv3onset,,,
vj2onset,,,
mh2onset,,,
zkr2onset,,,
bb1onset,,,
jx2coda,,,
mtsr3onset,,,
nps1onset,,,
hjs3onset,,,
zdj2onset,,,
bxzl3onset,,,
ksxl3onset,,,
bwd2onset,,,
dzk1coda,,,
ll1coda,,,
kwm1onset,,,
kjv2onset,,,
dn1onset,,,
ph3coda,,,
jv2coda,,,
srv3onset,,,
hrv3onset,,,
tk2onset,,,
dtsp3onset,,,
hjr1onset,,,
cw2onset,,,
mwh1onset,,,
rrv2onset,,,
im3coda,,,
tsdz1coda,,,
tdp1onset,,,
r2coda,,,
pvr2onset,,,
ptt1onset,,,
fspl4onset,,,
ttp3onset,,,
jdd2coda,,,
nd3onset,,,
rwr1onset,,,
dsl1onset,,,
cm1coda,,,
pwh1onset,,,
lx1onset,,,
vzj1onset,,,
pzr2onset,,,
bzvl1onset,,,
bwm3onset,,,
pkr2onset,,,
kxsr4onset,,,
hwh3onset,,,
lmsk1coda,,,
kjk3onset,,,
kxzr3onset,,,
lss2coda,,,
rsl3coda,,,
nrn2coda,,,
zv2coda,,,
djp3onset,,,
mnd1onset,,,
lks2coda,,,
sql2onset,,,
dxzr2onset,,,
mkr1onset,,,
rl2coda,,,
hd1coda,,,
hwh2onset,,,
bxp1onset,,,
bxr1onset,,,
dzsl1onset,,,
lst1onset,,,
bvzr1onset,,,
rf2onset,,,
sbl3onset,,,
tsvr3onset,,,
bsvr4onset,,,
rdz2coda,,,
kzsl1onset,,,
ej1nucleus,,,
tst2coda,,,
fq1coda,,,
lrn3onset,,,
wk3onset,,,
lfts5coda,,,
amdz3coda,,,
lkst2coda,,,
lcst3coda,,,
pvzr3onset,,,
tw2coda,,,
tjp3onset,,,
ptd2onset,,,
kpp2onset,,,
tstt2coda,,,
dsl2onset,,,
ldd3coda,,,
vwp1onset,,,
d2coda,,,
dwp1onset,,,
ia2nucleus,,,
pdzk2onset,,,
ccc2coda,,,
nwm1onset,,,
pr2coda,,,
tpk1onset,,,
rk1onset,,,
lwl1onset,,,
lf3coda,,,
dwm2onset,,,
pvsr3onset,,,
mjh3onset,,,
bn2onset,,,
mzd3onset,,,
kxl4onset,,,
rc3onset,,,
jh2coda,,,
dpb3onset,,,
inp3coda,,,
wsj1onset,,,
bsb3onset,,,
jl1onset,,,
qm1coda,,,
tx1coda,,,
ddzt3onset,,,
kpt1onset,,,
nd2onset,,,
tvt1onset,,,
vwv3onset,,,
rtn3coda,,,
bq2coda,,,
vw2onset,,,
hjh2onset,,,
bw2onset,,,
trs3onset,,,
brr3onset,,,
imb2coda,,,
btr3onset,,,
mpx2onset,,,
nw1coda,,,
bdz1onset,,,
lpts2coda,,,
imp1coda,,,
nrj2onset,,,
nsd2coda,,,
vws1onset,,,
ljk2onset,,,
zlj3onset,,,
bzzl3onset,,,
rdzw3onset,,,
ntstt2coda,,,
pk3onset,,,
vdv1onset,,,
pxvr1onset,,,
pxvr4onset,,,
djk1onset,,,
kxp3onset,,,
vpl1onset,,,
lrj3onset,,,
bzxr1onset,,,
sps3coda,,,
skw2onset,,,
dm3onset,,,
fi2onset,,,
xf2coda,,,
rrt4coda,,,
mt2onset,,,
tssr2onset,,,
psk3onset,,,
mrr3onset,,,
rt2coda,,,
sjm1onset,,,
nzj1onset,,,
lrl3onset,,,
wkr2onset,,,
kh3coda,,,
pjr1onset,,,
amts2coda,,,
tdz2coda,,,
qc2onset,,,
qm2coda,,,
pcr2onset,,,
rwl2onset,,,
rsp1coda,,,
dszr1onset,,,
vzn2onset,,,
pkj1onset,,,
pkl1onset,,,
fl1coda,,,
nj2onset,,,
dn2coda,,,
mbr3coda,,,
vwk3onset,,,
fsm2onset,,,
ink2coda,,,
sb1coda,,,
lm1onset,,,
ckj2coda,,,
mw1coda,,,
xtn3onset,,,
mrd3onset,,,
ntt3coda,,,
iua2nucleus,,,
vn3onset,,,
bjt2onset,,,
kjt3onset,,,
dzbl3onset,,,
xsr1onset,,,
ij1nucleus,,,
mxp1coda,,,
fx1onset,,,
kp2onset,,,
btsb2onset,,,
tts4coda,,,
wh3onset,,,
dk2coda,,,
nrh1onset,,,
tj1coda,,,
jnd2coda,,,
3coda,,,
ntstt6coda,,,
mrn1onset,,,
dtb3onset,,,
dl2coda,,,
pjd2onset,,,
rstf4coda,,,
btp2onset,,,
ssr2onset,,,
wt3onset,,,
rmt2coda,,,
dql1coda,,,
djm2onset,,,
kvsl3onset,,,
zr1coda,,,
pszr1onset,,,
szr4onset,,,
rj2coda,,,
dzi1onset,,,
kzd3onset,,,
ftst1coda,,,
twp3onset,,,
td3onset,,,
d3coda,,,
ii3nucleus,,,
srj2onset,,,
kpj1onset,,,
dq1coda,,,
ndr1onset,,,
srb2onset,,,
ksvr3onset,,,
lst3coda,,,
amd1coda,,,
tsw1onset,,,
mrm1onset,,,
ndr2onset,,,
kml2onset,,,
zln2coda,,,
dtsp1onset,,,
ncst2coda,,,
tvxr1onset,,,
ink3coda,,,
nstt5coda,,,
ssl1onset,,,
ktb1onset,,,
zl4onset,,,
kz1coda,,,
dtst2onset,,,
rft2coda,,,
ksl2coda,,,
uau1nucleus,,,
psk2onset,,,
zrj1onset,,,
twl3onset,,,
ntsts3coda,,,
np1coda,,,
ndzj1onset,,,
ws2coda,,,
rns1coda,,,
tst4coda,,,
dvzl1onset,,,
mlj3onset,,,
ttd1onset,,,
cd1coda,,,
tstt5coda,,,
swn3onset,,,
tm1coda,,,
ts4coda,,,
sts4coda,,,
pxsl1onset,,,
hrh2onset,,,
ldz2onset,,,
ft1onset,,,
bh2coda,,,
wzd1onset,,,
ks2onset,,,
kwl2onset,,,
bvxr2onset,,,
lpts1coda,,,
ai1nucleus,,,
lst2onset,,,
tt2onset,,,
lp1onset,,,
zvr1onset,,,
ccw2onset,,,
wqr3coda,,,
db3onset,,,
ntw3onset,,,
pf1coda,,,
gts1coda,,,
pvvl4onset,,,
sjk1onset,,,
twd1onset,,,
hwt3onset,,,
pkr3onset,,,
kvvr4onset,,,
vrn3coda,,,
bzvl4onset,,,
vzl3onset,,,
qx2coda,,,
rtc2coda,,,
dw1onset,,,
fkl3onset,,,
pkb3onset,,,
lf1onset,,,
vdz2coda,,,
jss2coda,,,
dzbl2onset,,,
mk2coda,,,
bxr4onset,,,
tsd1onset,,,
kvvr1onset,,,
xm2onset,,,
txsr2onset,,,
lwm1onset,,,
lmt2coda,,,
thj1onset,,,
pxvr2onset,,,
sjb3onset,,,
ltsts3coda,,,
ktp2onset,,,
rrd1onset,,,
xdzr1onset,,,
mts1coda,,,
hk1coda,,,
njb3onset,,,
pzzr3onset,,,
rxs3coda,,,
ztl2onset,,,
rdw2onset,,,
rrb1onset,,,
il2coda,,,
mz1onset,,,
ntsw3onset,,,
cz1coda,,,
zkl2onset,,,
vjd3onset,,,
uai2nucleus,,,
pstf4coda,,,
ou1nucleus,,,
uoi3nucleus,,,
dtst3onset,,,
dl4onset,,,
ljs1onset,,,
tfr3onset,,,
mpts5coda,,,
th1coda,,,
lmz3coda,,,
mpx3coda,,,
rjn1onset,,,
zd2onset,,,
ftr3onset,,,
pv2onset,,,
xn1coda,,,
tsb2onset,,,
brv2onset,,,
fm2onset,,,
skl1onset,,,
hp2coda,,,
rpt2coda,,,
lp3onset,,,
vwm3onset,,,
ksk2onset,,,
sws2onset,,,
xwr1onset,,,
uts1coda,,,
ljn3onset,,,
pxxl4onset,,,
tss1onset,,,
bkp3onset,,,
fsxr2onset,,,
aie1nucleus,,,
pdz2coda,,,
dsp1onset,,,
pdzd1onset,,,
tsfr2onset,,,
hbr3onset,,,
njm3onset,,,
sp1coda,,,
dvzl4onset,,,
v2onset,,,
pjt3onset,,,
nql1coda,,,
bzzr4onset,,,
bv3onset,,,
zbl1onset,,,
bvl1onset,,,
pl1onset,,,
nln2coda,,,
rrv3onset,,,
nql3coda,,,
swt2onset,,,
bzk1onset,,,
bwv3onset,,,
rjv3onset,,,
fx2onset,,,
mst2coda,,,
pxvl3onset,,,
hrs1onset,,,
lrv1onset,,,
wst1onset,,,
undz1coda,,,
ksvr4onset,,,
sfl3onset,,,
dt2onset,,,
wxp2coda,,,
khj1onset,,,
kvzl4onset,,,
rl2onset,,,
lo1onset,,,
vzm2onset,,,
lpst3coda,,,
bszl3onset,,,
wts1onset,,,
dzxl2onset,,,
fspr2onset,,,
dhj2onset,,,
rv2coda,,,
pfn2onset,,,
pbr3onset,,,
bj1onset,,,
mwd2onset,,,
uui1nucleus,,,
psk1coda,,,
kkt2onset,,,
kszr2onset,,,
tszr3onset,,,
kv2onset,,,
ts2coda,,,
twr2onset,,,
bzzr2onset,,,
fspl2onset,,,
nv2onset,,,
hkr3onset,,,
tx2onset,,,
swd1onset,,,
prs3onset,,,
rd1coda,,,
srp3onset,,,
pzvr2onset,,,
fkl1onset,,,
tstf3coda,,,
jnd3coda,,,
jq2coda,,,
fpr1onset,,,
mrp2onset,,,
pw3onset,,,
kl3coda,,,
tstr1onset,,,
ti2onset,,,
jss3coda,,,
pjs1onset,,,
zk1onset,,,
jp3coda,,,
h1nucleus,,,
xwl3onset,,,
spl3onset,,,
bssl2onset,,,
skn2onset,,,
nstt1coda,,,
ndzw1onset,,,
rftn1coda,,,
sm1onset,,,
srj3onset,,,
kstf3coda,,,
jts1onset,,,
hjl2onset,,,
ljm3onset,,,
rq1coda,,,
br1coda,,,
tdz1onset,,,
ay1nucleus,,,
thj2onset,,,
swh3onset,,,
phj2onset,,,
vsn3onset,,,
pvxr2onset,,,
pz1coda,,,
vql2onset,,,
wn1coda,,,
sxv2onset,,,
rcc1coda,,,
bl3onset,,,
px1onset,,,
tdzd3onset,,,
kl4onset,,,
tsvl2onset,,,
nsp1coda,,,
bxsr1onset,,,
s3onset,,,
fst4coda,,,
hv2onset,,,
imd2coda,,,
nxp2coda,,,
rs1onset,,,
dwb1onset,,,
pn2coda,,,
wm1onset,,,
srs3onset,,,
ttb3onset,,,
pjl2onset,,,
kb2coda,,,
bzt1onset,,,
hd2coda,,,
djr2onset,,,
blj3onset,,,
kts2coda,,,
t1onset,,,
ddzd1onset,,,
bzp1onset,,,
bjh1onset,,,
twp1onset,,,
wj1coda,,,
bxl4onset,,,
tzzl4onset,,,
kzxr4onset,,,
rmts3coda,,,
vc1onset,,,
io2nucleus,,,
zsl3onset,,,
oe1nucleus,,,
txp3onset,,,
kdzt1onset,,,
rbj1onset,,,
p2onset,,,
pdt3onset,,,
strn4coda,,,
zdl2onset,,,
pq2coda,,,
kx2onset,,,
ltt4coda,,,
xdn1coda,,,
pvvl3onset,,,
nrn1onset,,,
ksxr2onset,,,
mrt1onset,,,
drh2onset,,,
btsb1onset,,,
pwb3onset,,,
vwt3onset,,,
tskr3onset,,,
jcc2coda,,,
vrs3onset,,,
ksj1onset,,,
lrl2onset,,,
bxp2onset,,,
mrj1onset,,,
hrl1onset,,,
dvk3onset,,,
mf1coda,,,
ppp3onset,,,
ptl1onset,,,
kkt1onset,,,
smj2onset,,,
ljw1onset,,,
kszl4onset,,,
sbj1onset,,,
lwr3onset,,,
mtt4coda,,,
ts3onset,,,
fskr3onset,,,
lds1coda,,,
kxzr2onset,,,
x1coda,,,
d2onset,,,
vdl3onset,,,
nql3onset,,,
wkr3onset,,,
mpr1onset,,,
xbr3onset,,,
rvl3coda,,,
ktt1onset,,,
kk3coda,,,
pdk2onset,,,
umdz1coda,,,
hr1onset,,,
wdz1onset,,,
mh2coda,,,
sfl2onset,,,
fs4coda,,,
qj1onset,,,
pzsr4onset,,,
xc2onset,,,
bsxl4onset,,,
trb2onset,,,
rjl2onset,,,
pl2coda,,,
pkp3onset,,,
jh1coda,,,
sbj3onset,,,
pwp2onset,,,
rtsw3onset,,,
pfn1onset,,,
txr3onset,,,
msk2onset,,,
kvxl4onset,,,
rb3onset,,,
pxzl4onset,,,
hrp3onset,,,
kw1coda,,,
mpc2onset,,,
zq1onset,,,
tzxr2onset,,,
v2coda,,,
brn3onset,,,
l2coda,,,
bvvr4onset,,,
swr2onset,,,
tpb3onset,,,
dvsl4onset,,,
sf2coda,,,
dzbl1onset,,,
pz2coda,,,
pj1coda,,,
bbl3onset,,,
ttsp1onset,,,
tws2onset,,,
tstl1onset,,,
m1onset,,,
djr1onset,,,
rmt1coda,,,
kdz3onset,,,
swb3onset,,,
ntstt3coda,,,
nsln1coda,,,
mpk2coda,,,
umb3coda,,,
dxvr1onset,,,
swk2onset,,,
ljm1onset,,,
txvl2onset,,,
bjm2onset,,,
nst4coda,,,
bdp3onset,,,
kvsr1onset,,,
bts1onset,,,
tzk2onset,,,
djd1onset,,,
kxl2onset,,,
tstl3onset,,,
lo3onset,,,
jd1coda,,,
bdz2coda,,,
bwr3onset,,,
tzp1onset,,,
df2onset,,,
bzd2onset,,,
hrv1onset,,,
rp2coda,,,
hs1coda,,,
ncc1coda,,,
mkw2onset,,,
vdv3onset,,,
kbl1onset,,,
mdk2coda,,,
nct1coda,,,
djd2onset,,,
sfj1onset,,,
sv1onset,,,
nc1onset,,,
brd1onset,,,
nz1onset,,,
pkd2onset,,,
uu2nucleus,,,
ptsp2onset,,,
xtrn4coda,,,
dvt1onset,,,
dszl2onset,,,
uii2nucleus,,,
psk3coda,,,
dp3onset,,,
kp1coda,,,
mpm1coda,,,
dkb2onset,,,
wzj3onset,,,
tdb3onset,,,
amts1coda,,,
ttsk2onset,,,
smr2onset,,,
brh2onset,,,
ueu1nucleus,,,
bzr2onset,,,
mjh1onset,,,
ant1coda,,,
pk3coda,,,
stl2onset,,,
bzxl3onset,,,
pm1onset,,,
dvvr1onset,,,
lc2coda,,,
ltsts5coda,,,
bdzt1onset,,,
ld1coda,,,
rft3coda,,,
kwd2onset,,,
sdr3onset,,,
xts1coda,,,
nkt3coda,,,
brb2onset,,,
pfl2onset,,,
rrl2onset,,,
mpst2coda,,,
mtk3coda,,,
vs2coda,,,
bsp3onset,,,
un3nucleus,,,
dtt3onset,,,
xs1onset,,,
xs2onset,,,
bsp1onset,,,
bxzl1onset,,,
vz2coda,,,
tzb3onset,,,
trt3coda,,,
mrp1onset,,,
prd2onset,,,
tsxr4onset,,,
njh3onset,,,
tkn1onset,,,
psl1coda,,,
tls1coda,,,
tln1coda,,,
imp3coda,,,
jh3onset,,,
wd1coda,,,
vpr2onset,,,
bpr1onset,,,
lo2onset,,,
zbr2onset,,,
pvsl4onset,,,
qs1onset,,,
tx2coda,,,
f1nucleus,,,
mr1coda,,,
bjm1onset,,,
kdzd3onset,,,
lttt1coda,,,
wv1coda,,,
vnt1coda,,,
w3nucleus,,,
bxzr1onset,,,
lstt5coda,,,
khw1onset,,,
vkl2onset,,,
vwk2onset,,,
njr3onset,,,
bbt1onset,,,
dbd3onset,,,
pxsl4onset,,,
ff1coda,,,
tf1onset,,,
pwr3onset,,,
nwb3onset,,,
tr4onset,,,
tjt1onset,,,
hr3onset,,,
kwd1onset,,,
nwk2onset,,,
sls1coda,,,
rrk1onset,,,
tw3onset,,,
wn3onset,,,
bm1coda,,,
tsz2coda,,,
dxr3onset,,,
tjh2onset,,,
nwn2onset,,,
hwn3onset,,,
pxd1onset,,,
ddl1onset,,,
nrh3onset,,,
nwk1onset,,,
lsk1coda,,,
mrj3onset,,,
ww1coda,,,
kws3onset,,,
zw2coda,,,
pxp2onset,,,
sl1coda,,,
q2onset,,,
zkr3onset,,,
tj2coda,,,
dtsk2onset,,,
dzzr4onset,,,
xq2onset,,,
nl1coda,,,
nrs2onset,,,
uuu2nucleus,,,
pwl3onset,,,
skv1onset,,,
txt1onset,,,
btk1onset,,,
fdz1coda,,,
kr4onset,,,
wp3coda,,,
ntr1onset,,,
mst3onset,,,
vn2onset,,,
tdd3onset,,,
pdl2onset,,,
pzk1onset,,,
vjk1onset,,,
jp1coda,,,
krh2onset,,,
bxb1onset,,,
umk3coda,,,
vsn2onset,,,
msp1coda,,,
hp1onset,,,
kh2coda,,,
jj1coda,,,
qz2coda,,,
njk2onset,,,
tzsr3onset,,,
tsh2onset,,,
kdl3onset,,,
vzdr3onset,,,
mn1onset,,,
fs1onset,,,
ldj2onset,,,
pstf2coda,,,
srm1onset,,,
pd2coda,,,
tzxl3onset,,,
wm2coda,,,
rh3onset,,,
dwd2onset,,,
tsr1onset,,,
zmbr1onset,,,
dbp3onset,,,
mdk3coda,,,
dx1coda,,,
hn3coda,,,
rpm3coda,,,
ntj3onset,,,
zvl2onset,,,
strs1coda,,,
inb2coda,,,
ej2nucleus,,,
aie3nucleus,,,
mrt2onset,,,
dzvl4onset,,,
dvb3onset,,,
x1onset,,,
vk3onset,,,
tzzl3onset,,,
tbp2onset,,,
ncw3onset,,,
tvvr1onset,,,
dtst1onset,,,
wy2nucleus,,,
ncn3onset,,,
jk3onset,,,
ew2nucleus,,,
rx2onset,,,
bvr2onset,,,
txr2onset,,,
lh1onset,,,
srm3onset,,,
rpt3coda,,,
mst2onset,,,
mwn1onset,,,
pjk3onset,,,
iii2nucleus,,,
drk2onset,,,
vm2coda,,,
wt2coda,,,
tp1onset,,,
tskl3onset,,,
vdz2onset,,,
tzr2onset,,,
nb2onset,,,
rrd3onset,,,
bdd2onset,,,
ls2onset,,,
psxr3onset,,,
dbt1onset,,,
xts2coda,,,
zh1onset,,,
krd3onset,,,
kxt3onset,,,
zs2coda,,,
nrk1coda,,,
xwd2onset,,,
dr4onset,,,
mcc1coda,,,
dpr1onset,,,
lst3onset,,,
bszr2onset,,,
nstt2coda,,,
mts2coda,,,
pjr3onset,,,
j1onset,,,
mtsk1coda,,,
xd2coda,,,
mwv3onset,,,
mb2onset,,,
nfs3coda,,,
mtr3onset,,,
tspr3onset,,,
fpl1onset,,,
kwd3onset,,,
trk1onset,,,
rjv2onset,,,
ltstt6coda,,,
mq1onset,,,
ftt5coda,,,
ccc1coda,,,
rjr3onset,,,
db1onset,,,
ul2coda,,,
xh2coda,,,
nstt4coda,,,
vk1coda,,,
xh1coda,,,
vqr3onset,,,
kvsl1onset,,,
mwr3onset,,,
pz1onset,,,
rxt3coda,,,
bx1coda,,,
bj2coda,,,
txr1onset,,,
ppk1onset,,,
sjn1onset,,,
xtsl1onset,,,
in1coda,,,
ddzt1onset,,,
krr1onset,,,
zw2onset,,,
ppr3onset,,,
kdk3onset,,,
aj1nucleus,,,
psd2onset,,,
dwp2onset,,,
pzsr1onset,,,
zt1coda,,,
tkd1onset,,,
kjv1onset,,,
tsj2onset,,,
lst1coda,,,
tdzb2onset,,,
ktst1onset,,,
xf1onset,,,
psc2coda,,,
ink1coda,,,
lbm2coda,,,
jj2coda,,,
pxzr2onset,,,
jts1coda,,,
kx1coda,,,
ztsr2onset,,,
hts4coda,,,
djh3onset,,,
vzl1onset,,,
tjd2onset,,,
nc3onset,,,
bssl3onset,,,
xq2coda,,,
pjm3onset,,,
1nucleus,,,
lwt2onset,,,
dsvr4onset,,,
dvzr3onset,,,
dkt1onset,,,
ktsd3onset,,,
tzzr4onset,,,
mpl3onset,,,
bt3onset,,,
mdz1onset,,,
lpt1coda,,,
dts2onset,,,
xd3onset,,,
vvr3onset,,,
mrv3onset,,,
jkx2coda,,,
kzk3onset,,,
pfst1coda,,,
cp1coda,,,
nkk1coda,,,
ik1coda,,,
dns3coda,,,
k2coda,,,
dsd2onset,,,
jb1coda,,,
hj2coda,,,
swb2onset,,,
mbr3onset,,,
kz2onset,,,
sjt2onset,,,
lwp3onset,,,
ksvr2onset,,,
ltj1onset,,,
pst1coda,,,
ya2nucleus,,,
mn2onset,,,
mts1onset,,,
mstf1coda,,,
kkl1onset,,,
pvl4onset,,,
mtsj1onset,,,
ssr1onset,,,
zv2onset,,,
lfst3coda,,,
kd2coda,,,
jkr3onset,,,
sjk2onset,,,
kvsr2onset,,,
mwl1onset,,,
kkr2onset,,,
mt2coda,,,
ztsr3onset,,,
xtsr3onset,,,
kxvr1onset,,,
iau1nucleus,,,
sxr4onset,,,
nx1coda,,,
srv1onset,,,
cr2onset,,,
twm2onset,,,
kwr1onset,,,
dwp3onset,,,
rp2onset,,,
lpts3coda,,,
sdj2onset,,,
dxzl3onset,,,
psl1onset,,,
lks3coda,,,
lwb2onset,,,
mt1coda,,,
txvl1onset,,,
mft3coda,,,
swk1onset,,,
ntw2onset,,,
vkl1onset,,,
pxp1onset,,,
mzd2onset,,,
qr2coda,,,
krd2onset,,,
fts1coda,,,
bsl3onset,,,
mbj3coda,,,
xdzl1onset,,,
rq1onset,,,
mrd2onset,,,
hlj3onset,,,
dv1coda,,,
spl1coda,,,
njn2onset,,,
dtsb2onset,,,
pjr2onset,,,
kzsr4onset,,,
v1onset,,,
lwp1onset,,,
uo3nucleus,,,
kjm3onset,,,
kzzl1onset,,,
trl3onset,,,
kvvr2onset,,,
vrm1onset,,,
kzxl1onset,,,
bsl4onset,,,
xvl1onset,,,
bzl1onset,,,
sd1coda,,,
swp2onset,,,
brk2onset,,,
bsxr4onset,,,
dtk2onset,,,
rst2coda,,,
mxt3coda,,,
zdl3onset,,,
tsvl3onset,,,
ltsk3coda,,,
bzsr4onset,,,
kt2onset,,,
f2onset,,,
twd3onset,,,
j3coda,,,
sn2onset,,,
b3onset,,,
xs2coda,,,
sr4onset,,,
j2onset,,,
rvl1coda,,,
dkk3onset,,,
lhs2coda,,,
txt3onset,,,
kjs2onset,,,
vrl1onset,,,
pxr4onset,,,
pxb2onset,,,
umdz3coda,,,
ktd3onset,,,
hwk3onset,,,
nrs3onset,,,
lp3coda,,,
jkx1coda,,,
tv2coda,,,
sln3coda,,,
rt3coda,,,
vrj2onset,,,
tpt3onset,,,
stlj1onset,,,
bb3onset,,,
fv2coda,,,
uui3nucleus,,,
pwn3onset,,,
nkst4coda,,,
td2coda,,,
xq1coda,,,
dv3onset,,,
jh1onset,,,
tzr4onset,,,
vts1onset,,,
krj2onset,,,
ncs1coda,,,
nkl1onset,,,
pvd2onset,,,
brt2onset,,,
kr3coda,,,
mfr3onset,,,
szl2onset,,,
lwp2onset,,,
dz2onset,,,
unp2coda,,,
jd2onset,,,
lxf1coda,,,
wr2onset,,,
hjb3onset,,,
tpl1onset,,,
fskr4onset,,,
ntstf2coda,,,
xdl3onset,,,
km2onset,,,
bk2coda,,,
rrt2coda,,,
bwn1onset,,,
dwr3onset,,,
ksk3onset,,,
bpk1onset,,,
ttsp2onset,,,
imdz1coda,,,
zdzl1onset,,,
lkh3onset,,,
ccp1onset,,,
dkr2onset,,,
lhs1coda,,,
bv2onset,,,
vc2onset,,,
bxd3onset,,,
mm2onset,,,
rmb2onset,,,
knj3onset,,,
bzp2onset,,,
int1coda,,,
ppd2onset,,,
rps1coda,,,
kw2coda,,,
lz2onset,,,
dvsr4onset,,,
twl1onset,,,
svr4onset,,,
hwp3onset,,,
lts2onset,,,
sh1onset,,,
hrd2onset,,,
if1coda,,,
umd1coda,,,
bh3onset,,,
ptts2coda,,,
ll1onset,,,
txsl1onset,,,
srd1onset,,,
hrl3onset,,,
lr2onset,,,
mdz3coda,,,
twk3onset,,,
nl1onset,,,
mq1coda,,,
rdd1coda,,,
kh3onset,,,
dv2coda,,,
bwl3onset,,,
dxxl3onset,,,
pvp2onset,,,
fc1onset,,,
brb1onset,,,
zsl4onset,,,
x1nucleus,,,
strj3onset,,,
tsl1onset,,,
lb2coda,,,
jt3coda,,,
pjn3onset,,,
lps2coda,,,
hn2onset,,,
mbl3onset,,,
vwh1onset,,,
dts3onset,,,
lwh1onset,,,
fp2onset,,,
kvsl4onset,,,
vdj3onset,,,
mbql2coda,,,
tpd2onset,,,
hj3onset,,,
bsvl4onset,,,
pxsl2onset,,,
ns1onset,,,
wcc1coda,,,
rst2onset,,,
pzt3onset,,,
zbw1onset,,,
mi1onset,,,
kxb2onset,,,
msts3coda,,,
wd3onset,,,
cv1coda,,,
bsvl3onset,,,
kxxl1onset,,,
aj2nucleus,,,
dz1nucleus,,,
dsvr1onset,,,
rwd2onset,,,
bs2onset,,,
tq1coda,,,
kbr2onset,,,
tzl4onset,,,
mkx2coda,,,
ndd1coda,,,
dzkl2onset,,,
pdd2onset,,,
imts3coda,,,
ddp2onset,,,
jb3onset,,,
tzd2onset,,,
kxvr4onset,,,
ui3nucleus,,,
imd3coda,,,
zln3coda,,,
zd1coda,,,
pbb1onset,,,
blj1onset,,,
pkt2onset,,,
rpm2coda,,,
qx1coda,,,
pszl3onset,,,
nrt2coda,,,
vzn1onset,,,
ntstf5coda,,,
dh3onset,,,
zbl2onset,,,
dxsl4onset,,,
dkk1onset,,,
sdz1coda,,,
htt4coda,,,
tr2onset,,,
ntr1coda,,,
rstf1coda,,,
txsl2onset,,,
kt3onset,,,
bvsr3onset,,,
pjp3onset,,,
rd2coda,,,
lpj2onset,,,
dvxr3onset,,,
pkw3onset,,,
cs2coda,,,
kvb3onset,,,
sx1onset,,,
vtr2onset,,,
rsk2coda,,,
bpb3onset,,,
q1coda,,,
np2coda,,,
ls2coda,,,
wrt1onset,,,
sjs3onset,,,
skl3onset,,,
nstf4coda,,,
xsl2onset,,,
hwt2onset,,,
vdzr3onset,,,
lrp2onset,,,
ksl4onset,,,
pzp3onset,,,
lw2coda,,,
mjm1onset,,,
sjh3onset,,,
kdt1onset,,,
tvsl3onset,,,
txzr3onset,,,
kjd2onset,,,
lrk2onset,,,
lps3coda,,,
krn3onset,,,
xvr3onset,,,
tkb2onset,,,
mj2coda,,,
tbk1onset,,,
ztsr1onset,,,
uau2nucleus,,,
wdz1coda,,,
hts2coda,,,
mv2onset,,,
tpl3onset,,,
lwb3onset,,,
lm3coda,,,
ccw1onset,,,
dvd3onset,,,
rc2onset,,,
hrd3onset,,,
aeo1nucleus,,,
pdl1onset,,,
tzsl2onset,,,
mpts1coda,,,
txd2onset,,,
dpd1onset,,,
tstf2coda,,,
hw1onset,,,
ph1coda,,,
prs1onset,,,
bwp3onset,,,
mxp2coda,,,
pv3onset,,,
vwn2onset,,,
mpl1coda,,,
lmtt5coda,,,
iiu2nucleus,,,
mt1onset,,,
fsp1onset,,,
nkx2coda,,,
bdt3onset,,,
ds1onset,,,
dvr2onset,,,
wv2coda,,,
ptb3onset,,,
bszr4onset,,,
ntsw1onset,,,
rcj3coda,,,
njt3onset,,,
lb2onset,,,
tsfr1onset,,,
mpt1coda,,,
kbd3onset,,,
pxn3onset,,,
nrm3onset,,,
tsdl2onset,,,
bjn2onset,,,
kjm1onset,,,
qn2onset,,,
xf2onset,,,
pvxl2onset,,,
sxl4onset,,,
tk3coda,,,
tzl3onset,,,
ljl1onset,,,
dvvl2onset,,,
sc2onset,,,
trv1onset,,,
mst4coda,,,
dt2coda,,,
pwk3onset,,,
txb3onset,,,
rws3onset,,,
mql1onset,,,
pzxr2onset,,,
kk3onset,,,
sts5coda,,,
nwp2onset,,,
qr3onset,,,
dvl1onset,,,
hrn2onset,,,
kxsr1onset,,,
tjs2onset,,,
vsl3onset,,,
hjv1onset,,,
b2onset,,,
bvp2onset,,,
kdzb3onset,,,
tjv3onset,,,
hw2onset,,,
dzb2coda,,,
dr2onset,,,
pt2coda,,,
ct2coda,,,
dzdl1onset,,,
kdzd2onset,,,
kstf2coda,,,
lwn3onset,,,
prl1onset,,,
tzd3onset,,,
udz1coda,,,
psxl4onset,,,
mrm2onset,,,
djs3onset,,,
szl3onset,,,
tsk3coda,,,
msp3coda,,,
pxxl1onset,,,
jn3coda,,,
lpts5coda,,,
ttk2onset,,,
drv2onset,,,
tsvr2onset,,,
fst3onset,,,
ktl2onset,,,
dvl4onset,,,
wqr1coda,,,
bxzr3onset,,,
cx1onset,,,
pm3onset,,,
mbl3coda,,,
ssl4onset,,,
wr2coda,,,
lbj3onset,,,
tsdr1onset,,,
pm2onset,,,
mpx1coda,,,
zlj1onset,,,
lr3onset,,,
dsr1onset,,,
mpt2coda,,,
vlj3onset,,,
ltstt3coda,,,
uk1coda,,,
bzp3onset,,,
je2nucleus,,,
mft1coda,,,
swl2onset,,,
ai2nucleus,,,
bjr3onset,,,
lms3coda,,,
sws1onset,,,
krl2onset,,,
lws3onset,,,
sdzl2onset,,,
dszl3onset,,,
bvp3onset,,,
pwb2onset,,,
ps2coda,,,
mql2coda,,,
txl4onset,,,
dvt2onset,,,
btsp2onset,,,
tzp3onset,,,
ltstt5coda,,,
tvsl2onset,,,
rv1onset,,,
zr2onset,,,
pw1onset,,,
n1nucleus,,,
bxd2onset,,,
btst2onset,,,
mbql3coda,,,
im1coda,,,
vrv1onset,,,
ncw2onset,,,
dpp3onset,,,
ddb3onset,,,
lfd3coda,,,
tvk3onset,,,
pzxl3onset,,,
vnt3coda,,,
vv1onset,,,
lcc1coda,,,
ck2coda,,,
pq2onset,,,
mbj1coda,,,
kzsr2onset,,,
cm1onset,,,
vjk2onset,,,
m1nucleus,,,
ft2coda,,,
mcr1onset,,,
swr1onset,,,
rws1onset,,,
ln2coda,,,
vj1onset,,,
dh3coda,,,
pvxr1onset,,,
s3coda,,,
vt3onset,,,
plt3coda,,,
nfr3onset,,,
dsvl2onset,,,
vst1onset,,,
rc1coda,,,
lw3onset,,,
vrr1onset,,,
dxp2onset,,,
rlt3coda,,,
hwk2onset,,,
tjp1onset,,,
xbl1onset,,,
oo2nucleus,,,
zb1coda,,,
pn1onset,,,
yu2nucleus,,,
tvk1onset,,,
kvl3onset,,,
pzr1onset,,,
cdz1coda,,,
tsb3onset,,,
bvxr3onset,,,
pxt3onset,,,
nwv2onset,,,
lttt3coda,,,
tbj1onset,,,
rf1onset,,,
plj3onset,,,
vv2coda,,,
fr2coda,,,
sv2onset,,,
jw2onset,,,
hjd1onset,,,
tssl2onset,,,
skw3onset,,,
xkw1onset,,,
spm1onset,,,
krp1onset,,,
pzt1onset,,,
u1onset,,,
krk2onset,,,
sjr3onset,,,
zw3onset,,,
nrk2coda,,,
bf2onset,,,
dbk2onset,,,
ltts5coda,,,
mq2coda,,,
tpp1onset,,,
nr2coda,,,
bkd2onset,,,
bvzr4onset,,,
lcs3coda,,,
twm1onset,,,
oa2nucleus,,,
djp2onset,,,
tsdr3onset,,,
lvr3coda,,,
iau2nucleus,,,
trd2onset,,,
fn1onset,,,
xm2coda,,,
bp1onset,,,
vwp3onset,,,
pdzt1onset,,,
dq3coda,,,
ltk2coda,,,
rk1coda,,,
ljh2onset,,,
xkr1onset,,,
tsdl1onset,,,
kvvr3onset,,,
ndk2coda,,,
dzsr1onset,,,
ztr1onset,,,
pxsr3onset,,,
ftst2coda,,,
tvl4onset,,,
rdzw1onset,,,
brj2onset,,,
sps2coda,,,
tvb3onset,,,
tkp3onset,,,
ttr1onset,,,
kzp2onset,,,
cts1coda,,,
ow2nucleus,,,
txp1onset,,,
vsr4onset,,,
zm2coda,,,
flj1onset,,,
rs1coda,,,
h3coda,,,
mjn1onset,,,
fr1onset,,,
kxl1onset,,,
dxzr4onset,,,
mfst4coda,,,
dxzl4onset,,,
iz1coda,,,
bj1coda,,,
oe2nucleus,,,
xwr2onset,,,
ff2onset,,,
nct3coda,,,
bpp2onset,,,
rtl1coda,,,
sqj1onset,,,
ms2coda,,,
mwn3onset,,,
djv1onset,,,
qr1coda,,,
ssl2onset,,,
ksvl2onset,,,
z2coda,,,
dpr3onset,,,
kxr1onset,,,
dtb1onset,,,
tkr1onset,,,
dt1onset,,,
nt1onset,,,
txsr3onset,,,
rwv3onset,,,
ww2onset,,,
rm2onset,,,
tdk2onset,,,
tz1onset,,,
bsb2onset,,,
rb1coda,,,
kdzp3onset,,,
xxr3onset,,,
kdp3onset,,,
mts4coda,,,
mls3coda,,,
ljw2onset,,,
lpstt2coda,,,
xtsl3onset,,,
vl4onset,,,
zb2onset,,,
kpb3onset,,,
rrp1onset,,,
th2coda,,,
vjp2onset,,,
kwm3onset,,,
pszr4onset,,,
mpt3coda,,,
dbr1onset,,,
tsxl1onset,,,
fsk3onset,,,
tpr1onset,,,
prk1onset,,,
dsxl4onset,,,
bxb3onset,,,
swt3onset,,,
id2coda,,,
pl2onset,,,
bvvr2onset,,,
lw1onset,,,
ttl2onset,,,
ji1nucleus,,,
sdzl3onset,,,
stv2onset,,,
sfr1onset,,,
th3onset,,,
kwk3onset,,,
zl2onset,,,
bkl3onset,,,
iaw3nucleus,,,
lcc2coda,,,
bjk2onset,,,
mpr2onset,,,
px3onset,,,
tssr4onset,,,
xj1onset,,,
andz2coda,,,
njm1onset,,,
lp2onset,,,
dzr4onset,,,
slj3onset,,,
wi1nucleus,,,
cv1onset,,,
xk2onset,,,
tj1onset,,,
kpr1onset,,,
brm3onset,,,
dts1onset,,,
dn1coda,,,
jds3coda,,,
pstf3coda,,,
dvzr4onset,,,
nfl1onset,,,
pxl1onset,,,
bdz1coda,,,
ptk1onset,,,
tr1onset,,,
bcc1onset,,,
tdk1onset,,,
and1coda,,,
hrt2onset,,,
ljs3onset,,,
unb2coda,,,
ljm2onset,,,
kst3onset,,,
tsv2onset,,,
nt2onset,,,
dzkl1onset,,,
bxl2onset,,,
mtsj2onset,,,
ddzd2onset,,,
sd2onset,,,
np3coda,,,
lsts1coda,,,
v1coda,,,
pxk1onset,,,
oj2nucleus,,,
ksvl1onset,,,
dx2coda,,,
p3coda,,,
bzxl1onset,,,
mk3coda,,,
ptt3coda,,,
srs1onset,,,
bvzr2onset,,,
knj1onset,,,
sbr1onset,,,
pwk1onset,,,
vj1coda,,,
ds3onset,,,
ncst3coda,,,
drm2onset,,,
pstt6coda,,,
nxp1coda,,,
ttr3onset,,,
jx3coda,,,
ldk3coda,,,
mps2coda,,,
xdzr3onset,,,
rr2onset,,,
kdk2onset,,,
qc1onset,,,
fsp2onset,,,
hrk2onset,,,
rm1coda,,,
qf2onset,,,
sxr3onset,,,
dkd2onset,,,
btp1onset,,,
nt4coda,,,
nkl2onset,,,
nk2coda,,,
dzrj2onset,,,
ee2nucleus,,,
kszl1onset,,,
prt2onset,,,
pvsr4onset,,,
psvl2onset,,,
hrd1onset,,,
md3coda,,,
mn1coda,,,
ksts2coda,,,
drv1onset,,,
xsl3onset,,,
tvzr4onset,,,
rjd3onset,,,
dxt2onset,,,
tssr1onset,,,
dxl1onset,,,
cn3onset,,,
bjs3onset,,,
jn1onset,,,
bjr1onset,,,
uaj2nucleus,,,
kxvr2onset,,,
bw1onset,,,
tsf2coda,,,
mwp2onset,,,
mtsr2onset,,,
undz2coda,,,
bsb1onset,,,
nrn3onset,,,
nhl1onset,,,
vtsr2onset,,,
tv1onset,,,
jsp3coda,,,
szl4onset,,,
sn1coda,,,
bwd1onset,,,
vzr2onset,,,
vrv2onset,,,
tslj2onset,,,
df1onset,,,
lmst2coda,,,
kh2onset,,,
sl4onset,,,
vjv1onset,,,
tpk2onset,,,
zzr2onset,,,
xxr2onset,,,
dvzr1onset,,,
jbs3coda,,,
rr1coda,,,
nwl1onset,,,
njs3onset,,,
cj1onset,,,
vtl1onset,,,
mrb3onset,,,
qw1onset,,,
twv1onset,,,
bkt1onset,,,
bk2onset,,,
vst3onset,,,
pjv1onset,,,
kdzt2onset,,,
pwd3onset,,,
swd2onset,,,
bpp3onset,,,
dsk2onset,,,
brm1onset,,,
pw2onset,,,
bvxl1onset,,,
vrd3onset,,,
tzzr3onset,,,
tjr2onset,,,
tslj3onset,,,
nrv3onset,,,
kwl3onset,,,
ptsb2onset,,,
trs2coda,,,
tvzr3onset,,,
mz2coda,,,
ltts3coda,,,
ao1nucleus,,,
stj2onset,,,
hrr2onset,,,
rr3onset,,,
tvl2onset,,,
rjl3onset,,,
bsvl2onset,,,
fstf1coda,,,
nql1onset,,,
ssr4onset,,,
fr2onset,,,
ni1onset,,,
dwm1onset,,,
amt1coda,,,
ji2nucleus,,,
wc1onset,,,
kkb1onset,,,
rfs2coda,,,
snj3onset,,,
sws3onset,,,
iue3nucleus,,,
zx2coda,,,
tp1coda,,,
mql2onset,,,
dp2onset,,,
bxxl2onset,,,
ntk2coda,,,
ppp1onset,,,
ddt2onset,,,
kjl3onset,,,
ncst4coda,,,
zv1onset,,,
krj3onset,,,
mptt2coda,,,
vdj2onset,,,
io1nucleus,,,
brn1onset,,,
ncn2onset,,,
hl1coda,,,
ns1coda,,,
lwd2onset,,,
cdz2coda,,,
dzd2coda,,,
wxt1onset,,,
bzvl2onset,,,
sls3coda,,,
sx2coda,,,
kkd1onset,,,
jr3onset,,,
lrt3onset,,,
wxp3coda,,,
ktl1onset,,,
rrl3onset,,,
dpj2onset,,,
rw2onset,,,
tspl3onset,,,
zls1coda,,,
pdzb2onset,,,
krt2onset,,,
tw1onset,,,
pts1coda,,,
tz1coda,,,
nk3coda,,,
bbd2onset,,,
jd2coda,,,
lsg2coda,,,
brl2onset,,,
lstt4coda,,,
rsc1onset,,,
eu2nucleus,,,
ni2onset,,,
kvxl3onset,,,
bwm2onset,,,
xn1onset,,,
lp2coda,,,
wst3coda,,,
vwt2onset,,,
mf2coda,,,
zkl3onset,,,
zzr4onset,,,
dxvr3onset,,,
bxr2onset,,,
tk3onset,,,
ft1coda,,,
mkj1onset,,,
iu2nucleus,,,
tm2onset,,,
bts2coda,,,
tvd2onset,,,
ktr3onset,,,
trs2onset,,,
mts3coda,,,
dtd3onset,,,
lfs1coda,,,
lpk2coda,,,
mdzk2coda,,,
i1coda,,,
bdd1onset,,,
ksts3coda,,,
jks3coda,,,
tln2coda,,,
p1nucleus,,,
tt1coda,,,
lktt2coda,,,
ld3onset,,,
ts1onset,,,
umt3coda,,,
lrv3onset,,,
szr3onset,,,
mtt5coda,,,
hwd3onset,,,
tsm3onset,,,
bh2onset,,,
zp3onset,,,
trt2onset,,,
tsf1coda,,,
rcc2coda,,,
fsl2onset,,,
tspl2onset,,,
pc1coda,,,
nkt1coda,,,
mi2onset,,,
ptt3onset,,,
rwl3onset,,,
bsxr1onset,,,
lkst3coda,,,
rdz1coda,,,
nh2coda,,,
fskr1onset,,,
zsr3onset,,,
vqr1onset,,,
nsd3coda,,,
xtr3onset,,,
jtsr1onset,,,
nfr2onset,,,
lo4onset,,,
tts5coda,,,
vsc1onset,,,
zdzr2onset,,,
rrj2onset,,,
bdk1onset,,,
fts5coda,,,
kvxl1onset,,,
fp2coda,,,
xzr3onset,,,
krn2onset,,,
vzm3onset,,,
mm1onset,,,
jxp3coda,,,
rx3coda,,,
rspl3coda,,,
krj1onset,,,
e2nucleus,,,
xxl1onset,,,
sw1onset,,,
eia3nucleus,,,
txp2onset,,,
btsp1onset,,,
pxd3onset,,,
wc1coda,,,
bwn2onset,,,
hjt1onset,,,
rnj3coda,,,
btb1onset,,,
bvsl2onset,,,
int2coda,,,
tsr2onset,,,
jv1coda,,,
bvsl1onset,,,
bkt3onset,,,
vql1onset,,,
bv1onset,,,
njn3onset,,,
twk1onset,,,
lmtt2coda,,,
ct1onset,,,
pj1onset,,,
xc2coda,,,
mf3coda,,,
dssr4onset,,,
nzr1onset,,,
vst2onset,,,
xf1coda,,,
trj1onset,,,
tms2onset,,,
krt1onset,,,
nl2coda,,,
i1nucleus,,,
hs2coda,,,
lrk3onset,,,
nw1onset,,,
mz1coda,,,
ckj2onset,,,
ttst1onset,,,
sdj3onset,,,
kj2onset,,,
vzr3onset,,,
pvsl2onset,,,
nwb1onset,,,
dxb2onset,,,
imt3coda,,,
kdb1onset,,,
stsr1onset,,,
sf1onset,,,
rnt1coda,,,
mst1onset,,,
rrs3onset,,,
zvn3onset,,,
mps1coda,,,
dj1coda,,,
dpd3onset,,,
wxp1coda,,,
dq2coda,,,
dzvl2onset,,,
jxp1coda,,,
hkr1onset,,,
mvr3onset,,,
mpst3coda,,,
ptb2onset,,,
kv1coda,,,
nwd2onset,,,
bkb1onset,,,
nsts2coda,,,
pxb3onset,,,
ft3coda,,,
ptj1onset,,,
scr3onset,,,
ddk1onset,,,
psr3onset,,,
mf1onset,,,
nwp1onset,,,
c3onset,,,
cm2coda,,,
pfs2coda,,,
sqr2onset,,,
tkk3onset,,,
dkp2onset,,,
nwd3onset,,,
nsp3coda,,,
jsp1coda,,,
hjp1onset,,,
mls1coda,,,
bjp2onset,,,
mvr1onset,,,
pdzt2onset,,,
svr3onset,,,
vdzl1onset,,,
uau3nucleus,,,
hd2onset,,,
dsd3onset,,,
khr1onset,,,
rnk2coda,,,
rfst1coda,,,
kzxl4onset,,,
lst4coda,,,
nttt3coda,,,
txb1onset,,,
wn2onset,,,
rw3onset,,,
zvj2onset,,,
um3coda,,,
kj1onset,,,
pxr2onset,,,
lfts2coda,,,
rrn3onset,,,
tsf1onset,,,
dzr2onset,,,
kzr1onset,,,
fi1onset,,,
nrt2onset,,,
bxl3onset,,,
psl2coda,,,
kz3onset,,,
rdd3coda,,,
ckw3onset,,,
spj1onset,,,
ws2onset,,,
tzvl2onset,,,
zdl1onset,,,
dvxl1onset,,,
ccj1onset,,,
hrl2onset,,,
nf1onset,,,
inb1coda,,,
pdd3onset,,,
2nucleus,,,
sts3coda,,,
bxxr2onset,,,
m3coda,,,
lftn3coda,,,
jq2onset,,,
mbk2onset,,,
jmb1onset,,,
bsp2onset,,,
sdz2onset,,,
bdzd2onset,,,
drm1onset,,,
dtk1onset,,,
fw1onset,,,
dns2coda,,,
ckw1onset,,,
txzl3onset,,,
strn3coda,,,
ml3coda,,,
wsp2coda,,,
kssl2onset,,,
bjv1onset,,,
dvxr1onset,,,
dvb2onset,,,
inb3coda,,,
prl2onset,,,
swl1onset,,,
tvvl4onset,,,
mbk1coda,,,
nt3onset,,,
ptts3coda,,,
th2onset,,,
sd3onset,,,
wxt1coda,,,
1coda,,,
dsl3onset,,,
flj3onset,,,
ia3nucleus,,,
khw3onset,,,
mwd3onset,,,
skl3coda,,,
ck2onset,,,
bbp2onset,,,
psvl4onset,,,
xb3onset,,,
dzp2onset,,,
mtsk3coda,,,
rtc3coda,,,
lttt4coda,,,
qn1onset,,,
srn2onset,,,
lp1coda,,,
tvxl4onset,,,
zt3onset,,,
twn2onset,,,
btsk2onset,,,
mwh3onset,,,
n2onset,,,
rcj2coda,,,
dhj1onset,,,
xkl2onset,,,
psxr4onset,,,
dszl4onset,,,
mbl2onset,,,
ia1nucleus,,,
cw1onset,,,
tvb2onset,,,
fsx2onset,,,
hrs2onset,,,
bssr4onset,,,
jxt1coda,,,
xp2onset,,,
vzgl3onset,,,
tzxl1onset,,,
jqs1coda,,,
bbt2onset,,,
tdb1onset,,,
rdj3onset,,,
rdz1onset,,,
indz3coda,,,
mp2onset,,,
nf2onset,,,
ptp2onset,,,
mwr1onset,,,
lcs1coda,,,
sdr2onset,,,
db2coda,,,
jkr1onset,,,
vs1coda,,,
vq1onset,,,
slt3coda,,,
nh1onset,,,
hrk3onset,,,
pst4coda,,,
bvsr2onset,,,
drn3onset,,,
prj1onset,,,
tsf2onset,,,
jn1coda,,,
pzvl1onset,,,
kk2onset,,,
mvr2onset,,,
pvd1onset,,,
ntj1onset,,,
vzr4onset,,,
nwh1onset,,,
drh3onset,,,
lpstt6coda,,,
tzl2onset,,,
kj2coda,,,
rtns2coda,,,
ntj2onset,,,
nrl1onset,,,
fsxr1onset,,,
drd3onset,,,
kjn3onset,,,
rbj2onset,,,
ljr2onset,,,
lcs2coda,,,
mjp3onset,,,
dz1coda,,,
nn1nucleus,,,
drm3coda,,,
ttt1onset,,,
msd3coda,,,
prp1onset,,,
fj2onset,,,
bcj3onset,,,
srt2onset,,,
hjk3onset,,,
zd1onset,,,
bv1coda,,,
ndk1coda,,,
bszr3onset,,,
rftn4coda,,,
pzr3onset,,,
vrs1coda,,,
t2coda,,,
kvsr4onset,,,
kxzr4onset,,,
ktt5coda,,,
dsb2onset,,,
ud1coda,,,
pfst2coda,,,
zp2onset,,,
wsj2onset,,,
bvl3onset,,,
zdz1coda,,,
dzl1onset,,,
iai1nucleus,,,
vpr3onset,,,
rkx1coda,,,
vl1coda,,,
sq1onset,,,
dvvl1onset,,,
lfs2coda,,,
kbb3onset,,,
rwr2onset,,,
kzd1onset,,,
wj3onset,,,
wj1onset,,,
lhs3coda,,,
kssr3onset,,,
zn3onset,,,
ldd2coda,,,
sqw2onset,,,
hwm3onset,,,
kbr3onset,,,
hrj3onset,,,
bx2onset,,,
ljr3onset,,,
ttsd1onset,,,
dpl1onset,,,
vh1onset,,,
slj1onset,,,
lkk1coda,,,
h3onset,,,
ppp2onset,,,
bf1coda,,,
njp1onset,,,
iui1nucleus,,,
tjb2onset,,,
lpt2coda,,,
lj1onset,,,
ksxr4onset,,,
mm2coda,,,
ckw2onset,,,
pszr2onset,,,
wst1coda,,,
ztl3onset,,,
lrr3onset,,,
skrj1onset,,,
lftn2coda,,,
ww1onset,,,
vwn1onset,,,
ddzt2onset,,,
mb2coda,,,
dzdr2onset,,,
pv1onset,,,
dwr1onset,,,
mb1onset,,,
mst1coda,,,
fv1coda,,,
x2onset,,,
aa1nucleus,,,
tvsl4onset,,,
ib2coda,,,
pw1coda,,,
uo2nucleus,,,
ktr2onset,,,
djb2onset,,,
bzsr3onset,,,
vz1coda,,,
tzvr3onset,,,
tvr3onset,,,
rwn3onset,,,
jq1onset,,,
njh2onset,,,
wl3onset,,,
dzzl1onset,,,
inp2coda,,,
dvr4onset,,,
fstr2onset,,,
dpk2onset,,,
lk2onset,,,
bdk2onset,,,
lttt5coda,,,
kvb1onset,,,
bwr2onset,,,
sps1coda,,,
mts2onset,,,
ump1coda,,,
bdl2onset,,,
srt3onset,,,
psc2onset,,,
t3onset,,,
brb3onset,,,
ppd3onset,,,
jt1coda,,,
dh2onset,,,
kts3onset,,,
njd2onset,,,
kvp3onset,,,
ktd2onset,,,
xp1onset,,,
rft1coda,,,
zr2coda,,,
rjs1onset,,,
nsk2coda,,,
bxxl4onset,,,
md2onset,,,
vkr1onset,,,
mrr1onset,,,
kssr4onset,,,
dztr3onset,,,
kwh1onset,,,
bzl2onset,,,
rls3coda,,,
lr2coda,,,
nbr1onset,,,
hwm2onset,,,
spr1onset,,,
mkx1coda,,,
srl1onset,,,
nx2onset,,,
nrj1onset,,,
kjt2onset,,,
imk1coda,,,
kxxl4onset,,,
dwn3onset,,,
ktsk1onset,,,
um2coda,,,
fspr3onset,,,
rrd2onset,,,
rmb3onset,,,
pp2onset,,,
nlt3coda,,,
r1nucleus,,,
vnt2coda,,,
vrh2onset,,,
lz2coda,,,
hrj1onset,,,
lf1coda,,,
nrr2onset,,,
lkh1onset,,,
klw1onset,,,
ub2coda,,,
zn2onset,,,
tjh1onset,,,
nwb2onset,,,
sm1coda,,,
we2nucleus,,,
xkw3onset,,,
ncn1onset,,,
iou3nucleus,,,
dxb1onset,,,
kwt1onset,,,
mjk3onset,,,
jm1onset,,,
hwr3onset,,,
kzxr3onset,,,
lw2onset,,,
ants3coda,,,
tvzl4onset,,,
fx2coda,,,
tkd3onset,,,
hjw1onset,,,
tss2coda,,,
int3coda,,,
hrn1onset,,,
wm1coda,,,
ddr1onset,,,
xkr2onset,,,
llj2onset,,,
mp2coda,,,
skl2coda,,,
tbd2onset,,,
rjr1onset,,,
pl3onset,,,
uy2nucleus,,,
pzvr3onset,,,
ldd1coda,,,
rlj3onset,,,
f1onset,,,
sbr2onset,,,
sjn2onset,,,
nd1coda,,,
zsr2onset,,,
jy2nucleus,,,
rm3onset,,,
qd2coda,,,
sjr2onset,,,
vwk1onset,,,
tjr3onset,,,
ljd2onset,,,
mfr1onset,,,
tl1onset,,,
ts1coda,,,
bdzt2onset,,,
tl3onset,,,
prt1onset,,,
sb3onset,,,
ptsb3onset,,,
pfm1onset,,,
rlt1coda,,,
lfs4coda,,,
kxd2onset,,,
mwp1onset,,,
pjm2onset,,,
prn1onset,,,
rwh1onset,,,
vcc1coda,,,
txxr3onset,,,
dzpr3onset,,,
r1coda,,,
bzxl4onset,,,
kbd2onset,,,
zr3onset,,,
ltj2onset,,,
dxvr4onset,,,
rk2onset,,,
dz1onset,,,
xts2onset,,,
pjt1onset,,,
vrn2onset,,,
rsk1coda,,,
hrs3onset,,,
sjl3onset,,,
kf1onset,,,
xj2onset,,,
mbk2coda,,,
rrm2onset,,,
bzvl3onset,,,
mlt3coda,,,
wx3coda,,,
fskl1onset,,,
scr2onset,,,
ntsts5coda,,,
dvt3onset,,,
ttb1onset,,,
dzsl4onset,,,
st2coda,,,
dztl3onset,,,
mbw1onset,,,
plt1coda,,,
pwm3onset,,,
wt1coda,,,
vxl3onset,,,
pws1onset,,,
sjs2onset,,,
twd2onset,,,
ptst1onset,,,
xd1onset,,,
xk2coda,,,
dvsr1onset,,,
pbk3onset,,,
nq1coda,,,
kt2coda,,,
vjn2onset,,,
wz3onset,,,
mj3onset,,,
cf1onset,,,
vrt1coda,,,
rd2onset,,,
hpj1onset,,,
mftt2coda,,,
tstf1coda,,,
rz1onset,,,
vsc3onset,,,
tkt2onset,,,
ks3onset,,,
tvd3onset,,,
rpj2onset,,,
ldz1onset,,,
zz1onset,,,
rxs2coda,,,
umd2coda,,,
kr2coda,,,
u2nucleus,,,
nlj2onset,,,
cv2coda,,,
lbj1onset,,,
trm2onset,,,
ff1onset,,,
mrd1onset,,,
pstf1coda,,,
xtn1coda,,,
kt3coda,,,
mpts2coda,,,
wsr3onset,,,
hjn3onset,,,
svl3onset,,,
ljp1onset,,,
psr1onset,,,
dm2onset,,,
cccc1coda,,,
bjv2onset,,,
tbd1onset,,,
aou3nucleus,,,
nkst2coda,,,
ptr2onset,,,
bzl4onset,,,
nrd3onset,,,
hjv2onset,,,
st1onset,,,
3nucleus,,,
its2coda,,,
brs3onset,,,
dxvl2onset,,,
dql3coda,,,
twm3onset,,,
kdk1onset,,,
kpl1onset,,,
kv1onset,,,
imk3coda,,,
rf1coda,,,
kvzr2onset,,,
kpk2onset,,,
vzl4onset,,,
pbp3onset,,,
tl4onset,,,
brd2onset,,,
xxl2onset,,,
unts1coda,,,
tzp2onset,,,
un1nucleus,,,
bzr1onset,,,
tf1coda,,,
dbl3onset,,,
twv2onset,,,
dkd3onset,,,
bzb3onset,,,
uou2nucleus,,,
pdz2onset,,,
rbj3onset,,,
pxsr4onset,,,
jq1coda,,,
swm2onset,,,
tstt4coda,,,
tssl4onset,,,
rb2coda,,,
dxzr3onset,,,
pvb1onset,,,
wt2onset,,,
hp2onset,,,
xv2onset,,,
lkr2coda,,,
wsj3onset,,,
bm2coda,,,
szr1onset,,,
amdz2coda,,,
nrt1coda,,,
undz3coda,,,
twb2onset,,,
mrv1onset,,,
djb3onset,,,
zsl2onset,,,
dzrj1onset,,,
rspl4coda,,,
nts1onset,,,
kd1coda,,,
dws3onset,,,
pxxr4onset,,,
msts1coda,,,
dl3coda,,,
tsbr2onset,,,
dzzr3onset,,,
2coda,,,
fs1coda,,,
kwk2onset,,,
ksk1onset,,,
fh1coda,,,
khr2onset,,,
wl2coda,,,
pbd2onset,,,
njv3onset,,,
lnt2coda,,,
prb1onset,,,
srl3onset,,,
dvvr2onset,,,
pvl1onset,,,
lz1coda,,,
u3nucleus,,,
mdd1coda,,,
bxd1onset,,,
xts1onset,,,
cv2onset,,,
xt1onset,,,
psp3onset,,,
pzl1onset,,,
nsj2onset,,,
rl3coda,,,
nfl2onset,,,
kxzl4onset,,,
zq2onset,,,
dxd3onset,,,
nbk3coda,,,
vjv3onset,,,
tssl3onset,,,
pkw2onset,,,
jk2onset,,,
tzzr1onset,,,
lpst2coda,,,
it2coda,,,
ntst2coda,,,
kbb1onset,,,
tstr2onset,,,
mbq1coda,,,
jsd2coda,,,
prr2onset,,,
mbts2coda,,,
ay2nucleus,,,
rhs2coda,,,
rdzw2onset,,,
qs1coda,,,
mws1onset,,,
spl3coda,,,
rjd2onset,,,
dw3onset,,,
uaj1nucleus,,,
xvr2onset,,,
ppr2onset,,,
tsl4onset,,,
rwb1onset,,,
vls3coda,,,
rwl1onset,,,
pk1onset,,,
aao1nucleus,,,
w3coda,,,
mrl2onset,,,
tdp3onset,,,
nrv2onset,,,
vsl4onset,,,
dw2onset,,,
kjb3onset,,,
ws3coda,,,
nbz2onset,,,
dhj3onset,,,
rd3onset,,,
svr1onset,,,
ddt1onset,,,
ptt4coda,,,
fsm3onset,,,
cst2coda,,,
rrv1onset,,,
jp2coda,,,
bsk1onset,,,
pwn1onset,,,
aia1nucleus,,,
dpd2onset,,,
yi1nucleus,,,
ztr2onset,,,
nrp2onset,,,
vjt3onset,,,
txl1onset,,,
krn1onset,,,
jk1onset,,,
swm3onset,,,
dzxl1onset,,,
lmz2coda,,,
njv2onset,,,
sn1onset,,,
tvxl1onset,,,
lmtt4coda,,,
hjv3onset,,,
kvr3onset,,,
zw1onset,,,
vrt3onset,,,
krr3onset,,,
zm2onset,,,
zvl3onset,,,
bzsl4onset,,,
dbd2onset,,,
bbk1onset,,,
ptsd1onset,,,
r3coda,,,
rmts1coda,,,
pjp2onset,,,
kbt1onset,,,
h2onset,,,
dvr3onset,,,
smr1onset,,,
nrk3coda,,,
kzvr4onset,,,
hrb3onset,,,
nxt2coda,,,
nj3coda,,,
krm1onset,,,
btsk3onset,,,
ds2onset,,,
dzs2coda,,,
inp1coda,,,
tdzp1onset,,,
trt2coda,,,
rdn1coda,,,
dzlj2onset,,,
zlj2onset,,,
bwt2onset,,,
ea1nucleus,,,
kvl2onset,,,
ii2nucleus,,,
drb3onset,,,
pbk2onset,,,
rws2onset,,,
mxp3coda,,,
pxl2onset,,,
dxk2onset,,,
krh1onset,,,
dtsb3onset,,,
j2coda,,,
lv2coda,,,
kvxr2onset,,,
btsd2onset,,,
pln3coda,,,
pjl1onset,,,
mbj2coda,,,
stf2coda,,,
nwr3onset,,,
dpp1onset,,,
tsdr2onset,,,
nkr3onset,,,
qr1onset,,,
ztl1onset,,,
pxzr3onset,,,
dvd2onset,,,
nsp2coda,,,
aw2nucleus,,,
kts2onset,,,
mjr1onset,,,
trr1onset,,,
mwb1onset,,,
mj1onset,,,
krm3onset,,,
dr1onset,,,
ncst1coda,,,
xvr1onset,,,
vsr3onset,,,
lsts4coda,,,
vn1coda,,,
pz3onset,,,
hj1onset,,,
pvxr4onset,,,
tpb2onset,,,
lc1onset,,,
iii1nucleus,,,
fc1coda,,,
zdz2coda,,,
aia2nucleus,,,
tjn1onset,,,
txl1coda,,,
psvl1onset,,,
qf2coda,,,
bdl3onset,,,
ih2coda,,,
trm1onset,,,
kdzb1onset,,,
ncw1onset,,,
lbk1coda,,,
bpk3onset,,,
zbw3onset,,,
stlj4onset,,,
pvsr1onset,,,
tsw2onset,,,
tsvl1onset,,,
nwr1onset,,,
wd1onset,,,
sbl1onset,,,
tdz3onset,,,
xtl2onset,,,
qq1coda,,,
nstf3coda,,,
tsp1coda,,,
xb1coda,,,
kjk2onset,,,
uei1nucleus,,,
tsr4onset,,,
rtn2coda,,,
stsl3onset,,,
vm2onset,,,
hrh3onset,,,
dtl3onset,,,
msts2coda,,,
bj3onset,,,
nj2coda,,,
nstr1coda,,,
hjw3onset,,,
xdn2coda,,,
rstf2coda,,,
is2coda,,,
strn2coda,,,
kvb2onset,,,
wxt2coda,,,
pzd3onset,,,
lmsk3coda,,,
qj2coda,,,
lkk3coda,,,
bvzl2onset,,,
sr1onset,,,
v3onset,,,
bsvl1onset,,,
fts4coda,,,
ktsd2onset,,,
mj1coda,,,
dtp3onset,,,
lft2coda,,,
nl2onset,,,
tjk2onset,,,
ul1coda,,,
pcr3onset,,,
nts4coda,,,
ct3coda,,,
kxp2onset,,,
scc1coda,,,
bk3onset,,,
ntstf3coda,,,
pts2coda,,,
ttp2onset,,,
kvl4onset,,,
kc2onset,,,
mtsj3onset,,,
stw3onset,,,
vjt2onset,,,
fk1onset,,,
mjn3onset,,,
fts2coda,,,
njr1onset,,,
lnt1coda,,,
hts1onset,,,
fm1onset,,,
ddp1onset,,,
bwn3onset,,,
vrs2onset,,,
ind1coda,,,
pszl1onset,,,
fsxl3onset,,,
qn2coda,,,
vzgl1onset,,,
bzd1onset,,,
lq2coda,,,
mdz1coda,,,
px2onset,,,
ttst2onset,,,
qq2coda,,,
vqr2onset,,,
dvl2onset,,,
txk1onset,,,
lmtt1coda,,,
cc2coda,,,
scl2onset,,,
rnk1coda,,,
skr1onset,,,
scc2coda,,,
vxr1onset,,,
kwb3onset,,,
md2coda,,,
kst3coda,,,
krb1onset,,,
pf2coda,,,
sp1onset,,,
vdz1coda,,,
hw2coda,,,
bst1onset,,,
stlj2onset,,,
ljt2onset,,,
lr3coda,,,
ntstt1coda,,,
kkr3onset,,,
zlt3coda,,,
vp2onset,,,
pzzr4onset,,,
amt2coda,,,
lfs3coda,,,
pzr4onset,,,
hwb2onset,,,
nr3coda,,,
xdzr2onset,,,
zu2nucleus,,,
bdzp1onset,,,
rsk3coda,,,
kzsr3onset,,,
vws2onset,,,
pkk1onset,,,
dbd1onset,,,
ktsd1onset,,,
dwl2onset,,,
df2coda,,,
mk1onset,,,
jnt3coda,,,
vzv2onset,,,
nsk4coda,,,
dzsl2onset,,,
rx1onset,,,
str2coda,,,
vts2onset,,,
cc1coda,,,
drs1onset,,,
kpp1onset,,,
xzr4onset,,,
vtsl3onset,,,
ltk3coda,,,
pp1onset,,,
dxsl2onset,,,
kr3onset,,,
xdl1onset,,,
fk2onset,,,
zm1onset,,,
kxt2onset,,,
lpstt4coda,,,
sm2onset,,,
vpr1onset,,,
npk3coda,,,
dzsr4onset,,,
tvzl3onset,,,
pp1coda,,,
lcc1onset,,,
pdzb1onset,,,
phl2onset,,,
tjs3onset,,,
iaj3nucleus,,,
pxxr3onset,,,
vxl2onset,,,
vjr3onset,,,
iue1nucleus,,,
rtls1coda,,,
vld2onset,,,
mptt3coda,,,
kstf1coda,,,
amt3coda,,,
msk1coda,,,
nq3coda,,,
ind2coda,,,
pxsr1onset,,,
p3onset,,,
dszr4onset,,,
nsk3coda,,,
psk1onset,,,
j1nucleus,,,
psl3coda,,,
btsb3onset,,,
mpx2coda,,,
pt3onset,,,
lfts4coda,,,
bl4onset,,,
tt4coda,,,
dbl1onset,,,
imdz3coda,,,
pssr3onset,,,
xxl3onset,,,
sfr3onset,,,
pvsl1onset,,,
mr3onset,,,
sdzr1onset,,,
kwm2onset,,,
tbj2onset,,,
vvl1onset,,,
vrh1onset,,,
ndw1coda,,,
bxzr2onset,,,
pzvr4onset,,,
bm2onset,,,
qk1coda,,,
sd1onset,,,
ss2coda,,,
tstl2onset,,,
plj2onset,,,
kbp1onset,,,
mh1coda,,,
ps1onset,,,
dc1onset,,,
xv1onset,,,
dpt1onset,,,
dzdl2onset,,,
ql1coda,,,
pn3onset,,,
tsp2onset,,,
tsk3onset,,,
iua1nucleus,,,
drl3onset,,,
brj4onset,,,
tsb1onset,,,
xtl3onset,,,
ie1nucleus,,,
ps3coda,,,
tsk1coda,,,
vrj1onset,,,
xvl2onset,,,
jmb2onset,,,
tj2onset,,,
bvb2onset,,,
ljb3onset,,,
pkt3onset,,,
kwr3onset,,,
dvsl2onset,,,
svl1onset,,,
kjh3onset,,,
mcc2coda,,,
dwv1onset,,,
tdt1onset,,,
tsvl4onset,,,
frj1onset,,,
fp1onset,,,
tsh1onset,,,
pdz3onset,,,
bpd3onset,,,
hw1coda,,,
dzpl2onset,,,
tzvl4onset,,,
xpl3onset,,,
ftst4coda,,,
fspr4onset,,,
ptp3onset,,,
zl1coda,,,
ppk3onset,,,
vtw3onset,,,
dzn1onset,,,
kw2onset,,,
ql2coda,,,
zrj2onset,,,
ltst1coda,,,
fh2coda,,,
dtl2onset,,,
prk3onset,,,
drb1onset,,,
bsxr2onset,,,
btst1onset,,,
vf2coda,,,
vzn3onset,,,
dzf1coda,,,
nb3onset,,,
dtb2onset,,,
hjr3onset,,,
lss3coda,,,
qp1coda,,,
kkb2onset,,,
bh1coda,,,
dl1coda,,,
ndw3coda,,,
lwv2onset,,,
lxf2coda,,,
dt3onset,,,
mrb2onset,,,
ltsk2coda,,,
cw3onset,,,
vzbl4onset,,,
hjt2onset,,,
uia3nucleus,,,
unk3coda,,,
nn1onset,,,
br2coda,,,
bkl2onset,,,
hjb1onset,,,
vn1onset,,,
kxzl3onset,,,
in3coda,,,
sn3onset,,,
tdzk2onset,,,
llj3onset,,,
dh2coda,,,
bssr2onset,,,
mz2onset,,,
nkt4coda,,,
tsv1onset,,,
vsr2onset,,,
nrt3coda,,,
pxr3onset,,,
vpl3onset,,,
ctr1onset,,,
wn1onset,,,
tp3onset,,,
uf1coda,,,
krm2onset,,,
ksd2onset,,,
vtsr1onset,,,
mls2coda,,,
tszr2onset,,,
tvsr4onset,,,
vzl2onset,,,
pzsl2onset,,,
vvr4onset,,,
djl2onset,,,
nrd2onset,,,
pzb3onset,,,
dzw2onset,,,
rks1coda,,,
nwl3onset,,,
vbl3onset,,,
ch1onset,,,
pkd1onset,,,
zh2onset,,,
oi2nucleus,,,
kml3onset,,,
sjd3onset,,,
psvr1onset,,,
djd3onset,,,
nrk1onset,,,
srb1onset,,,
kvr4onset,,,
lkt2coda,,,
zmbr4onset,,,
fl2onset,,,
vj3onset,,,
tsi2onset,,,
bc1onset,,,
z3onset,,,
tts3onset,,,
pbp2onset,,,
kxxr1onset,,,
bkk1onset,,,
nkk3coda,,,
krb2onset,,,
mpj1onset,,,
bjt1onset,,,
yo2nucleus,,,
st4coda,,,
ndts3coda,,,
bvr1onset,,,
tskl1onset,,,
ppt1onset,,,
dxxr4onset,,,
lct3coda,,,
prr1onset,,,
lktt5coda,,,
dtd2onset,,,
ltstt4coda,,,
mwr2onset,,,
dzb2onset,,,
fh2onset,,,
kstt5coda,,,
kwr2onset,,,
mq2onset,,,
zc2coda,,,
xbr2onset,,,
lm1coda,,,
jt2coda,,,
dtsk3onset,,,
tjm2onset,,,
nfl3onset,,,
ztsl3onset,,,
dlj2onset,,,
sjb1onset,,,
tjl3onset,,,
vrh3onset,,,
andz3coda,,,
tn1coda,,,
hwr2onset,,,
hwl1onset,,,
ztsl1onset,,,
bjt3onset,,,
dsd1onset,,,
hjb2onset,,,
ctr2onset,,,
tdzk3onset,,,
txl3onset,,,
ql3onset,,,
tspr2onset,,,
ndzk3coda,,,
tt1onset,,,
nsln2coda,,,
psxl1onset,,,
qt1coda,,,
sw2onset,,,
btd3onset,,,
kjt1onset,,,
hjw2onset,,,
fn1coda,,,
txt2onset,,,
kv3onset,,,
lnt3coda,,,
jw2coda,,,
mrh1onset,,,
kxr3onset,,,
rhs1coda,,,
kzr4onset,,,
zl2coda,,,
nts3coda,,,
o2nucleus,,,
dzi2onset,,,
lk1onset,,,
hw3onset,,,
hjs1onset,,,
w1nucleus,,,
rvl2coda,,,
rspl1coda,,,
nrt3onset,,,
ddz1coda,,,
bpt1onset,,,
ps2onset,,,
pd3onset,,,
tzd1onset,,,
sx3coda,,,
ks1coda,,,
mtk1coda,,,
pt3coda,,,
jk2coda,,,
zk2onset,,,
kn2coda,,,
dtsk1onset,,,
znd1onset,,,
ddk3onset,,,
uuu1nucleus,,,
b2coda,,,
bxt3onset,,,
drl1onset,,,
vwm2onset,,,
brh1onset,,,
hn1coda,,,
tsrj1onset,,,
vjb2onset,,,
xzr2onset,,,
pxsr2onset,,,
kzvr1onset,,,
xp2coda,,,
kpr2onset,,,
nft2coda,,,
lbt3coda,,,
mjs3onset,,,
kr2onset,,,
ptt2coda,,,
tvt3onset,,,
pvk1onset,,,
dkd1onset,,,
ind3coda,,,
xt1coda,,,
pdj3onset,,,
dxsr1onset,,,
tsl2onset,,,
lwn1onset,,,
tk1coda,,,
pk2onset,,,
bbk3onset,,,
kl2onset,,,
fstf4coda,,,
rjk1onset,,,
rwn1onset,,,
bwr1onset,,,
fx1coda,,,
mjb2onset,,,
kj3coda,,,
tkb1onset,,,
iue2nucleus,,,
ou2nucleus,,,
sm2coda,,,
mwm1onset,,,
dvd1onset,,,
y1onset,,,
msk2coda,,,
tsn2onset,,,
ptl3onset,,,
pwt3onset,,,
tlj1onset,,,
kvzl2onset,,,
pxxl3onset,,,
jst2coda,,,
pvvr2onset,,,
rk3coda,,,
ja2nucleus,,,
ndzj3onset,,,
jc1coda,,,
mrk2onset,,,
nln4coda,,,
bwv1onset,,,
tsn3onset,,,
rrs2onset,,,
vzr1onset,,,
ntsk3coda,,,
tsb1coda,,,
sts1onset,,,
vr1onset,,,
tl2onset,,,
sj1coda,,,
vzdr1onset,,,
dbr3onset,,,
ae2nucleus,,,
iy1nucleus,,,
smj1onset,,,
bjl1onset,,,
lcst2coda,,,
kvk1onset,,,
pd2onset,,,
mpx1onset,,,
pzsl3onset,,,
mwk2onset,,,
mw3onset,,,
tv2onset,,,
tbb2onset,,,
jv3onset,,,
nn2nucleus,,,
tstr3onset,,,
p1coda,,,
rs3onset,,,
zkl1onset,,,
kxvl1onset,,,
rz2onset,,,
bdb1onset,,,
ints3coda,,,
strn1coda,,,
lpst1coda,,,
ljk1onset,,,
wts1coda,,,
i2onset,,,
zls3coda,,,
dtt1onset,,,
pvxl3onset,,,
pft1coda,,,
tsx1onset,,,
vwh2onset,,,
ksxl4onset,,,
tjb1onset,,,
ttk1onset,,,
kn3onset,,,
btd2onset,,,
dtsp2onset,,,
uia1nucleus,,,
j3onset,,,
pr1coda,,,
ktp3onset,,,
mfs1coda,,,
bxsl1onset,,,
vjd1onset,,,
drm2coda,,,
jds2coda,,,
dsr4onset,,,
dxr4onset,,,
rn3onset,,,
cd2onset,,,
dpt3onset,,,
ptj2onset,,,
hlj1onset,,,
xbr1onset,,,
jcc1coda,,,
sqj2onset,,,
ndzk1coda,,,
jp2onset,,,
ptd3onset,,,
ut2coda,,,
rrp3onset,,,
mjb3onset,,,
dzm1onset,,,
tvxl2onset,,,
kdd3onset,,,
bbb2onset,,,
strj2onset,,,
sk1onset,,,
tmb1onset,,,
zdzl3onset,,,
cz2onset,,,
rxt2coda,,,
nfr1onset,,,
hrb1onset,,,
jx1coda,,,
kjb1onset,,,
tbl1onset,,,
mwb2onset,,,
ptt1coda,,,
tc2coda,,,
rtls4coda,,,
bjk1onset,,,
zzl1onset,,,
oi1nucleus,,,
psxr2onset,,,
bdp2onset,,,
nm1onset,,,
pk1coda,,,
rw1onset,,,
mdd2coda,,,
ktt3onset,,,
pzp1onset,,,
dx1onset,,,
rm1onset,,,
dzvr4onset,,,
mjt1onset,,,
krh3onset,,,
iiu3nucleus,,,
tjl2onset,,,
dzd3onset,,,
vk2coda,,,
bvsl3onset,,,
wf2coda,,,
rtf1coda,,,
kxsl3onset,,,
xq1onset,,,
kzb3onset,,,
krs2onset,,,
kpl3onset,,,
uf2coda,,,
zd3onset,,,
tdt3onset,,,
c1nucleus,,,
dr1coda,,,
ksl3coda,,,
qw1coda,,,
j1coda,,,
wl1coda,,,
ntt5coda,,,
nbz1onset,,,
ltrn2coda,,,
uai1nucleus,,,
kdd1onset,,,
lqs2coda,,,
pl1coda,,,
rx2coda,,,
mpr3onset,,,
ndr3coda,,,
bwh1onset,,,
dj2coda,,,
sxl2onset,,,
nw3onset,,,
ints1coda,,,
dkl1onset,,,
lrm1onset,,,
txzl2onset,,,
tbk3onset,,,
pzzl3onset,,,
tzsl1onset,,,
bvxr1onset,,,
bwd3onset,,,
kz2coda,,,
zln1coda,,,
dssl4onset,,,
ppl2onset,,,
kpr3onset,,,
nq1onset,,,
nws2onset,,,
imd1coda,,,
wl2onset,,,
bzxr2onset,,,
cs3coda,,,
dzbr2onset,,,
ndj1onset,,,
zz1coda,,,
tn3onset,,,
dt1coda,,,
iai3nucleus,,,
tvsr3onset,,,
vln2coda,,,
rjm2onset,,,
vzdr4onset,,,
pt2onset,,,
sjh2onset,,,
sjm2onset,,,
bxvl2onset,,,
dsxl2onset,,,
mkj3onset,,,
br1onset,,,
psl4onset,,,
bzd3onset,,,
fst1onset,,,
pst3coda,,,
dvr1onset,,,
bw3onset,,,
krk3onset,,,
ch2onset,,,
khj2onset,,,
jn2onset,,,
nrb1onset,,,
kzvl1onset,,,
nxt1coda,,,
skr2coda,,,
dj3onset,,,
tdp2onset,,,
rf2coda,,,
vwb1onset,,,
vpl2onset,,,
vjv2onset,,,
mql3onset,,,
vm1onset,,,
dzvr1onset,,,
sln1coda,,,
oio2nucleus,,,
nrn3coda,,,
kstf4coda,,,
xdr1onset,,,
kjr3onset,,,
lrd3onset,,,
js1coda,,,
mrm3onset,,,
dxt3onset,,,
vzj2onset,,,
bkl1onset,,,
zvr3onset,,,
jb2coda,,,
pb1onset,,,
ddzb2onset,,,
dzb1onset,,,
xtrn1coda,,,
kstt3coda,,,
tszl1onset,,,
fpl3onset,,,
mws3onset,,,
dzpr2onset,,,
kpt2onset,,,
sql3onset,,,
mp3coda,,,
ljp2onset,,,
vdr3onset,,,
srm2onset,,,
lrm3onset,,,
kjk1onset,,,
sl3onset,,,
cr3onset,,,
ua3nucleus,,,
ttl1onset,,,
trj3onset,,,
pvl2onset,,,
mpj3onset,,,
lws2onset,,,
lkx1coda,,,
wy1nucleus,,,
htt3coda,,,
ppt3onset,,,
bxk3onset,,,
plt2coda,,,
ddl2onset,,,
tsk2coda,,,
pstt1coda,,,
msk4onset,,,
bvk1onset,,,
jw1onset,,,
pxvl4onset,,,
wxt3coda,,,
vwr3onset,,,
mwt1onset,,,
vl2onset,,,
aae1nucleus,,,
mbr1coda,,,
zbr3onset,,,
ml2coda,,,
mjd2onset,,,
dwb2onset,,,
nkst1coda,,,
kjn2onset,,,
tdzd2onset,,,
nfs1coda,,,
kdb2onset,,,
vjs1onset,,,
pjm1onset,,,
pwb1onset,,,
ioi2nucleus,,,
zk2coda,,,
ntr3coda,,,
wsp1coda,,,
psp1onset,,,
iau3nucleus,,,
bsxl2onset,,,
kxzl2onset,,,
mwp3onset,,,
rl1coda,,,
rd1onset,,,
vkj1onset,,,
mrn2onset,,,
kr1coda,,,
rns3coda,,,
kstt1coda,,,
pjk2onset,,,
vz1onset,,,
njv1onset,,,
sm3onset,,,
vl2coda,,,
zxr2onset,,,
ddd1onset,,,
q1onset,,,
wb2onset,,,
drp2onset,,,
skr2onset,,,
pfn3onset,,,
umk1coda,,,
bjp3onset,,,
bb2onset,,,
bkp2onset,,,
kzxl2onset,,,
rn3coda,,,
kl3onset,,,
fcc2coda,,,
nd3coda,,,
njl1onset,,,
bpb1onset,,,
lkst1coda,,,
lcst4coda,,,
vzb1onset,,,
xwd1onset,,,
sln2coda,,,
prp3onset,,,
nr1coda,,,
msd1coda,,,
dpl3onset,,,
jr1coda,,,
skr3coda,,,
tkn3onset,,,
ki1onset,,,
bl1coda,,,
dw2coda,,,
rdd2coda,,,
kwb1onset,,,
kstt2coda,,,
vrk1onset,,,
tcp2onset,,,
bjs2onset,,,
ktb3onset,,,
ndw2coda,,,
cf2coda,,,
fh1onset,,,
ei2nucleus,,,
kbp2onset,,,
ump3coda,,,
cs1onset,,,
hn1onset,,,
xsr4onset,,,
bzzr1onset,,,
ndzw2onset,,,
nkst5coda,,,
pxzl2onset,,,
dtsd3onset,,,
us1coda,,,
rh2onset,,,
vjb1onset,,,
vrr2onset,,,
rrk2onset,,,
lf2onset,,,
pstt5coda,,,
pvd3onset,,,
skn1onset,,,
pdb1onset,,,
sts2coda,,,
kdzk2onset,,,
pszl4onset,,,
vkr3onset,,,
dvp1onset,,,
tdz1coda,,,
dzm2onset,,,
bl2coda,,,
mtr1onset,,,
msp2coda,,,
rtl2coda,,,
dwv2onset,,,
qs2onset,,,
wb2coda,,,
dsp2onset,,,
trn2onset,,,
psb2onset,,,
hz1coda,,,
nj1coda,,,
s2onset,,,
pwd2onset,,,
bxvl1onset,,,
klw3onset,,,
trl2onset,,,
vb1coda,,,
iua3nucleus,,,
jd1onset,,,
kxsl4onset,,,
wz2onset,,,
tdzb1onset,,,
nql2onset,,,
lwb1onset,,,
mbk1onset,,,
hm2onset,,,
ksvl3onset,,,
imt1coda,,,
bxsl2onset,,,
fk2coda,,,
sxw1onset,,,
yo1nucleus,,,
nz2onset,,,
txxl2onset,,,
lwk3onset,,,
xl4onset,,,
mjv2onset,,,
ddz2coda,,,
vc1coda,,,
hlj2onset,,,
xtn1onset,,,
uei2nucleus,,,
cd2coda,,,
xt2coda,,,
vzm1onset,,,
ie2nucleus,,,
uts2coda,,,
bdp1onset,,,
ss1coda,,,
rrb2onset,,,
lw1coda,,,
dvb1onset,,,
dd2coda,,,
rxt1coda,,,
bcj1onset,,,
djh2onset,,,
dsxr2onset,,,
js1onset,,,
ptsk1onset,,,
dzkr3onset,,,
nstr3coda,,,
rt2onset,,,
mwm3onset,,,
lstf1coda,,,
bd2onset,,,
mk2onset,,,
strs2coda,,,
mjr3onset,,,
tkb3onset,,,
tsj1onset,,,
pvr3onset,,,
bv2coda,,,
ksxl2onset,,,
mp1coda,,,
prv1onset,,,
nts1coda,,,
kjd1onset,,,
vjd2onset,,,
djn2onset,,,
dbl2onset,,,
ksl1coda,,,
kn1onset,,,
tts3coda,,,
vs2onset,,,
tb3onset,,,
blj2onset,,,
cb1onset,,,
pdt1onset,,,
mrn3onset,,,
zdr3onset,,,
pbb3onset,,,
lj1coda,,,
kdb3onset,,,
ht2coda,,,
pjb3onset,,,
dlj3onset,,,
dtr2onset,,,
dzw1onset,,,
nwn1onset,,,
pzzr1onset,,,
tbr3onset,,,
pzzl4onset,,,
lpstt5coda,,,
jsp2coda,,,
bssr1onset,,,
mkk2coda,,,
mb3coda,,,
eo3nucleus,,,
mlj1onset,,,
dvzl2onset,,,
hnd3onset,,,
pdj1onset,,,
dw3coda,,,
tms3onset,,,
djm1onset,,,
ptk3onset,,,
btp3onset,,,
dzp1onset,,,
njp2onset,,,
pdzd2onset,,,
iuu3nucleus,,,
bjl3onset,,,
hjl3onset,,,
lrh3onset,,,
vbr2onset,,,
rz1coda,,,
mbq3coda,,,
kszr4onset,,,
twn1onset,,,
trt1coda,,,
umt1coda,,,
hi1onset,,,
kvzr4onset,,,
bzvr2onset,,,
prm1onset,,,
tbb1onset,,,
tf2coda,,,
hwd1onset,,,
fm2coda,,,
pj3onset,,,
kssl3onset,,,
kst1coda,,,
ncs3coda,,,
bzt3onset,,,
bts1coda,,,
lws1onset,,,
uu1nucleus,,,
rrb3onset,,,
ttp1onset,,,
aia3nucleus,,,
vld1onset,,,
cr1onset,,,
nsts1coda,,,
pw2coda,,,
ksb1onset,,,
kdz2coda,,,
jdd3coda,,,
js2coda,,,
ldj1onset,,,
vf1coda,,,
xl2onset,,,
pd1onset,,,
bk1coda,,,
kst4coda,,,
dzk2onset,,,
rwp3onset,,,
pdd1onset,,,
vv1coda,,,
vj2coda,,,
nn2coda,,,
sdr1onset,,,
plj1onset,,,
nq2onset,,,
vdzr2onset,,,
si1onset,,,
i2coda,,,
kxd3onset,,,
ksxl1onset,,,
pjv2onset,,,
dn3onset,,,
jts3coda,,,
lkr1coda,,,
nv2coda,,,
js3onset,,,
ttl3onset,,,
unt1coda,,,
dzs1coda,,,
rrj3onset,,,
kvr2onset,,,
mtsk2onset,,,
bzzl2onset,,,
drk3onset,,,
pbp1onset,,,
dxxl4onset,,,
dwd3onset,,,
twl2onset,,,
kxb1onset,,,
uii1nucleus,,,
dp1onset,,,
sf1coda,,,
kxr2onset,,,
tsbl1onset,,,
ptts1coda,,,
aae2nucleus,,,
ksr1onset,,,
pfs1coda,,,
tss1coda,,,
ub1coda,,,
fz1coda,,,
ltst3coda,,,
tm1onset,,,
vwd2onset,,,
ntsk2coda,,,
kzt3onset,,,
tb2onset,,,
psk2coda,,,
hwp2onset,,,
kwv1onset,,,
kkp1onset,,,
ddt3onset,,,
dwk1onset,,,
pm2coda,,,
tb2coda,,,
mjm3onset,,,
vvl3onset,,,
kxsr2onset,,,
krl3onset,,,
mfl1onset,,,
vjn1onset,,,
pzt2onset,,,
zt2onset,,,
nrh2onset,,,
djv3onset,,,
rjs2onset,,,
pxn2onset,,,
zxl4onset,,,
xp3onset,,,
dzp2coda,,,
kvp1onset,,,
pjd1onset,,,
dx2onset,,,
1onset,,,
mx1coda,,,
kx1onset,,,
prd3onset,,,
qt2coda,,,
kd3onset,,,
ckj3onset,,,
tpp2onset,,,
kvt3onset,,,
tstt3coda,,,
kd2onset,,,
mjp1onset,,,
drp3onset,,,
bsd3onset,,,
pzvl2onset,,,
rftn2coda,,,
sxr2onset,,,
jt2onset,,,
bt2onset,,,
bdzk3onset,,,
fs3coda,,,
vrn1coda,,,
rsp2coda,,,
tsb2coda,,,
nql4coda,,,
ttsb3onset,,,
wrt2onset,,,
nr2onset,,,
tdzt1onset,,,
mbq2coda,,,
rb2onset,,,
lr1coda,,,
lb1onset,,,
fcc1coda,,,
ih1coda,,,
nstt3coda,,,
bzsr1onset,,,
bbb1onset,,,
r4onset,,,
kdzd1onset,,,
ls4coda,,,
pvxl4onset,,,
we1nucleus,,,
tzvr4onset,,,
ndzw3onset,,,
smr3onset,,,
lks1coda,,,
ndk3coda,,,
ndr4onset,,,
zxr3onset,,,
bsxl3onset,,,
mtk2coda,,,
dwr2onset,,,
bwk3onset,,,
str2onset,,,
kjw2onset,,,
stv3onset,,,
ptts4coda,,,
kvvl2onset,,,
kbt2onset,,,
pxt1onset,,,
sz1coda,,,
txvr2onset,,,
rbm2coda,,,
kb1coda,,,
brk1onset,,,
tszl3onset,,,
bd2coda,,,
kdl2onset,,,
qx2onset,,,
wsr1onset,,,
zvj1onset,,,
sj3onset,,,
ddzb3onset,,,
bdzp3onset,,,
twt2onset,,,
hws3onset,,,
drh1onset,,,
und2coda,,,
pzxr4onset,,,
iw1nucleus,,,
mr1onset,,,
wxt3onset,,,
vzbl2onset,,,
kjp1onset,,,
mbl1coda,,,
djh1onset,,,
kvk2onset,,,
qj2onset,,,
rst3coda,,,
vjh2onset,,,
mjd3onset,,,
sl2onset,,,
pr3onset,,,
rs2coda,,,
bsl2onset,,,
vp1coda,,,
wts2coda,,,
bvr4onset,,,
iy2nucleus,,,
mstf4coda,,,
njk3onset,,,
kvzr1onset,,,
rq2onset,,,
ts2onset,,,
lsg1coda,,,
tzxr1onset,,,
dwt2onset,,,
njb1onset,,,
krs3onset,,,
bn1onset,,,
swk3onset,,,
nsd1coda,,,
pxxr1onset,,,
qf1onset,,,
dkr1onset,,,
tzk3onset,,,
bf2coda,,,
kdr2onset,,,
mjr2onset,,,
mps1onset,,,
prs2coda,,,
bpt3onset,,,
pzzl2onset,,,
dzxr1onset,,,
bssr3onset,,,
dns1coda,,,
dbp1onset,,,
nq2coda,,,
tkr3onset,,,
rdn3coda,,,
ldz3onset,,,
um1coda,,,
dst1onset,,,
srk1onset,,,
lct2coda,,,
nwm3onset,,,
hb1onset,,,
dpj3onset,,,
dxvl3onset,,,
mwt2onset,,,
djt3onset,,,
nttt5coda,,,
bd1onset,,,
lfd2coda,,,
ns4coda,,,
rnd2onset,,,
bm3onset,,,
tzsr1onset,,,
dxk3onset,,,
vk1onset,,,
brh3onset,,,
nx1onset,,,
rjp2onset,,,
pwv3onset,,,
brj1onset,,,
kkd3onset,,,
mtk4onset,,,
hwh1onset,,,
zxr1onset,,,
mv1onset,,,
dzk3onset,,,
dxzl1onset,,,
bkb2onset,,,
dzj1onset,,,
jbs1coda,,,
twt1onset,,,
and3coda,,,
zdzr3onset,,,
bh1onset,,,
nb1coda,,,
bf1onset,,,
bwv2onset,,,
vjs2onset,,,
rbm1coda,,,
dvvr3onset,,,
vs1onset,,,
srb3onset,,,
kszr3onset,,,
xl3onset,,,
bvb3onset,,,
bjd2onset,,,
ftt3coda,,,
ndz3onset,,,
pdk3onset,,,
djm3onset,,,
drj1onset,,,
bws1onset,,,
djt1onset,,,
tdd1onset,,,
sj1onset,,,
dz2coda,,,
kxsr3onset,,,
ftr2onset,,,
mdj3onset,,,
tdb2onset,,,
xkl1onset,,,
ltsts4coda,,,
ttt2onset,,,
rnd3onset,,,
tdzp3onset,,,
hjk1onset,,,
kkp2onset,,,
bjm3onset,,,
tsxr1onset,,,
jp1onset,,,
cm3onset,,,
dzzl4onset,,,
dzts2coda,,,
ye2nucleus,,,
iaw1nucleus,,,
mpk1coda,,,
djw2onset,,,
np2onset,,,
ns3onset,,,
txxl3onset,,,
jd3onset,,,
rrh3onset,,,
bbr1onset,,,
rsl1coda,,,
fr3onset,,,
pdl3onset,,,
dzt1coda,,,
sdz2coda,,,
qc2coda,,,
cf1coda,,,
kzp3onset,,,
zdj1onset,,,
jnt2coda,,,
kvsr3onset,,,
swd3onset,,,
pssl2onset,,,
dpl2onset,,,
ntt1coda,,,
krp3onset,,,
dsvl4onset,,,
trs1onset,,,
hwn1onset,,,
kpk3onset,,,
vtr1onset,,,
tv1coda,,,
lt2onset,,,
sth1onset,,,
tf2onset,,,
tsdz2coda,,,
kdz1onset,,,
zxl2onset,,,
ddp3onset,,,
vzbl3onset,,,
msk1onset,,,
vkj3onset,,,
zdr2onset,,,
rjh1onset,,,
km2coda,,,
dzts1coda,,,
mrt3onset,,,
bxvl3onset,,,
pvl3onset,,,
txxr1onset,,,
dk1onset,,,
svr2onset,,,
mt4coda,,,
prp2onset,,,
dvk1onset,,,
bkr2onset,,,
ft4coda,,,
eia2nucleus,,,
